{"type":"FeatureCollection","features":[{"type":"Feature","geometry":{"type":"MultiPolygon","coordinates":[[[[123.16,-1.65],[123.16,-1.65],[123.16,-1.65],[123.16,-1.65]]],[[[123.16,-1.65],[123.16,-1.65],[123.16,-1.65],[123.16,-1.65]]],[[[123.16,-1.64],[123.16,-1.64],[123.16,-1.64],[123.16,-1.64]]],[[[123.16,-1.64],[123.16,-1.64],[123.16,-1.64],[123.16,-1.64]]],[[[123.17,-1.64],[123.17,-1.64],[123.17,-1.64],[123.17,-1.64]]],[[[123.18,-1.64],[123.18,-1.64],[123.17,-1.64],[123.18,-1.64]]],[[[123.17,-1.64],[123.17,-1.63],[123.17,-1.63],[123.17,-1.64]]],[[[123.17,-1.63],[123.17,-1.63],[123.17,-1.63],[123.17,-1.63]]],[[[123.18,-1.63],[123.18,-1.63],[123.19,-1.63],[123.18,-1.63]]],[[[123.18,-1.63],[123.18,-1.63],[123.18,-1.63],[123.18,-1.63]]],[[[123.21,-1.63],[123.21,-1.62],[123.21,-1.62],[123.21,-1.63]]],[[[123.19,-1.62],[123.19,-1.62],[123.19,-1.62],[123.19,-1.62]]],[[[123.2,-1.62],[123.19,-1.62],[123.2,-1.62],[123.2,-1.62]]],[[[123.23,-1.62],[123.23,-1.62],[123.23,-1.62],[123.23,-1.62]]],[[[123.2,-1.62],[123.2,-1.62],[123.2,-1.62],[123.2,-1.62]]],[[[123.21,-1.62],[123.21,-1.62],[123.21,-1.62],[123.21,-1.62]]],[[[123.21,-1.62],[123.21,-1.62],[123.21,-1.62],[123.21,-1.62]]],[[[123.19,-1.62],[123.19,-1.62],[123.19,-1.62],[123.19,-1.62]]],[[[123.19,-1.62],[123.19,-1.62],[123.19,-1.62],[123.19,-1.62]]],[[[123.19,-1.61],[123.19,-1.61],[123.19,-1.61],[123.19,-1.61]]],[[[123.26,-1.61],[123.26,-1.61],[123.26,-1.61],[123.26,-1.61]]],[[[123.19,-1.61],[123.19,-1.61],[123.19,-1.61],[123.19,-1.61]]],[[[123.21,-1.61],[123.21,-1.61],[123.21,-1.61],[123.21,-1.61]]],[[[123.21,-1.61],[123.21,-1.61],[123.21,-1.61],[123.21,-1.61]]],[[[123.1,-1.61],[123.1,-1.6],[123.1,-1.61],[123.1,-1.61]]],[[[123.23,-1.6],[123.23,-1.6],[123.22,-1.6],[123.23,-1.6]]],[[[123.23,-1.6],[123.23,-1.6],[123.23,-1.6],[123.23,-1.6]]],[[[123.24,-1.59],[123.24,-1.59],[123.24,-1.59],[123.24,-1.59]]],[[[122.84,-1.59],[122.84,-1.6],[122.85,-1.6],[122.84,-1.59]]],[[[123.24,-1.59],[123.24,-1.59],[123.24,-1.59],[123.24,-1.59]]],[[[122.93,-1.58],[122.93,-1.58],[122.93,-1.58],[122.93,-1.58]]],[[[122.92,-1.58],[122.92,-1.58],[122.92,-1.58],[122.92,-1.58]]],[[[123.24,-1.57],[123.24,-1.57],[123.24,-1.57],[123.24,-1.57]]],[[[123.24,-1.57],[123.24,-1.57],[123.24,-1.57],[123.24,-1.57]]],[[[123.24,-1.57],[123.24,-1.57],[123.24,-1.57],[123.24,-1.57]]],[[[122.93,-1.57],[122.93,-1.57],[122.93,-1.57],[122.93,-1.57]]],[[[123.13,-1.57],[123.13,-1.56],[123.13,-1.56],[123.13,-1.57]]],[[[123.12,-1.56],[123.12,-1.56],[123.12,-1.56],[123.12,-1.56]]],[[[123.24,-1.56],[123.24,-1.56],[123.24,-1.56],[123.24,-1.56]]],[[[123.12,-1.56],[123.12,-1.56],[123.12,-1.56],[123.12,-1.56]]],[[[123.13,-1.56],[123.13,-1.56],[123.13,-1.56],[123.13,-1.56]]],[[[122.94,-1.56],[122.94,-1.56],[122.94,-1.56],[122.94,-1.56]]],[[[123.24,-1.56],[123.24,-1.56],[123.24,-1.56],[123.24,-1.56]]],[[[123.24,-1.56],[123.24,-1.55],[123.24,-1.56],[123.24,-1.56]]],[[[123.24,-1.55],[123.24,-1.55],[123.24,-1.55],[123.24,-1.55]]],[[[123.13,-1.56],[123.14,-1.55],[123.13,-1.56],[123.13,-1.56]]],[[[122.94,-1.56],[122.94,-1.55],[122.94,-1.55],[122.94,-1.56]]],[[[122.95,-1.54],[122.95,-1.55],[122.95,-1.55],[122.95,-1.54]]],[[[122.95,-1.54],[122.95,-1.54],[122.95,-1.54],[122.95,-1.54]]],[[[122.96,-1.54],[122.97,-1.54],[122.96,-1.54],[122.96,-1.54]]],[[[122.78,-1.54],[122.78,-1.54],[122.79,-1.54],[122.78,-1.54]]],[[[123.41,-1.53],[123.41,-1.53],[123.41,-1.53],[123.41,-1.53]]],[[[123.41,-1.53],[123.41,-1.53],[123.41,-1.53],[123.41,-1.53]]],[[[123.25,-1.53],[123.25,-1.53],[123.25,-1.53],[123.25,-1.53]]],[[[122.78,-1.53],[122.78,-1.53],[122.78,-1.53],[122.78,-1.53]]],[[[123.25,-1.53],[123.25,-1.53],[123.25,-1.53],[123.25,-1.53]]],[[[123.25,-1.53],[123.25,-1.53],[123.25,-1.53],[123.25,-1.53]]],[[[122.78,-1.53],[122.78,-1.53],[122.79,-1.53],[122.78,-1.53]]],[[[123.4,-1.53],[123.4,-1.52],[123.4,-1.53],[123.4,-1.53]]],[[[122.79,-1.53],[122.79,-1.52],[122.79,-1.53],[122.79,-1.53]]],[[[123.4,-1.52],[123.4,-1.52],[123.4,-1.52],[123.4,-1.52]]],[[[122.79,-1.52],[122.79,-1.52],[122.79,-1.52],[122.79,-1.52]]],[[[123.4,-1.52],[123.4,-1.53],[123.4,-1.53],[123.4,-1.52]]],[[[123.44,-1.52],[123.44,-1.52],[123.44,-1.52],[123.44,-1.52]]],[[[123.4,-1.52],[123.4,-1.52],[123.4,-1.52],[123.4,-1.52]]],[[[123.4,-1.52],[123.4,-1.52],[123.4,-1.52],[123.4,-1.52]]],[[[123.4,-1.52],[123.4,-1.52],[123.4,-1.52],[123.4,-1.52]]],[[[123.4,-1.52],[123.4,-1.52],[123.4,-1.52],[123.4,-1.52]]],[[[122.79,-1.52],[122.79,-1.52],[122.79,-1.52],[122.79,-1.52]]],[[[122.79,-1.52],[122.79,-1.52],[122.79,-1.52],[122.79,-1.52]]],[[[122.84,-1.52],[122.84,-1.52],[122.84,-1.52],[122.84,-1.52]]],[[[122.79,-1.52],[122.79,-1.52],[122.79,-1.52],[122.79,-1.52]]],[[[123.4,-1.52],[123.4,-1.52],[123.4,-1.52],[123.4,-1.52]]],[[[123.4,-1.52],[123.4,-1.52],[123.4,-1.52],[123.4,-1.52]]],[[[122.83,-1.52],[122.83,-1.52],[122.83,-1.52],[122.83,-1.52]]],[[[123.4,-1.52],[123.4,-1.52],[123.4,-1.52],[123.4,-1.52]]],[[[122.61,-1.51],[122.61,-1.51],[122.61,-1.51],[122.61,-1.51]]],[[[123.25,-1.51],[123.25,-1.51],[123.25,-1.51],[123.25,-1.51]]],[[[123.44,-1.51],[123.44,-1.51],[123.44,-1.51],[123.44,-1.51]]],[[[122.61,-1.51],[122.61,-1.51],[122.61,-1.51],[122.61,-1.51]]],[[[122.61,-1.51],[122.61,-1.51],[122.61,-1.51],[122.61,-1.51]]],[[[122.61,-1.51],[122.61,-1.51],[122.61,-1.51],[122.61,-1.51]]],[[[122.61,-1.51],[122.61,-1.51],[122.61,-1.51],[122.61,-1.51]]],[[[122.79,-1.51],[122.79,-1.51],[122.79,-1.51],[122.79,-1.51]]],[[[123.25,-1.51],[123.25,-1.5],[123.25,-1.5],[123.25,-1.51]]],[[[123.25,-1.5],[123.25,-1.5],[123.25,-1.5],[123.25,-1.5]]],[[[123.36,-1.5],[123.36,-1.5],[123.36,-1.5],[123.36,-1.5]]],[[[122.79,-1.5],[122.79,-1.5],[122.79,-1.5],[122.79,-1.5]]],[[[123.36,-1.5],[123.36,-1.5],[123.36,-1.5],[123.36,-1.5]]],[[[123.38,-1.5],[123.38,-1.5],[123.38,-1.5],[123.38,-1.5]]],[[[122.78,-1.51],[122.78,-1.53],[122.79,-1.51],[122.78,-1.51]]],[[[123.38,-1.5],[123.38,-1.5],[123.38,-1.5],[123.38,-1.5]]],[[[123.25,-1.5],[123.25,-1.5],[123.25,-1.5],[123.25,-1.5]]],[[[123.39,-1.5],[123.39,-1.5],[123.39,-1.5],[123.39,-1.5]]],[[[123.39,-1.5],[123.39,-1.5],[123.39,-1.5],[123.39,-1.5]]],[[[123.38,-1.5],[123.38,-1.5],[123.38,-1.5],[123.38,-1.5]]],[[[123.39,-1.5],[123.39,-1.5],[123.39,-1.5],[123.39,-1.5]]],[[[123.39,-1.5],[123.39,-1.5],[123.39,-1.5],[123.39,-1.5]]],[[[123.38,-1.5],[123.38,-1.5],[123.38,-1.5],[123.38,-1.5]]],[[[123.39,-1.5],[123.38,-1.5],[123.39,-1.5],[123.39,-1.5]]],[[[123.39,-1.5],[123.39,-1.5],[123.39,-1.5],[123.39,-1.5]]],[[[123.38,-1.5],[123.38,-1.5],[123.38,-1.5],[123.38,-1.5]]],[[[123.39,-1.5],[123.39,-1.5],[123.39,-1.5],[123.39,-1.5]]],[[[123.37,-1.5],[123.37,-1.5],[123.36,-1.5],[123.37,-1.5]]],[[[123.38,-1.5],[123.39,-1.5],[123.38,-1.5],[123.38,-1.5]]],[[[123.38,-1.5],[123.38,-1.5],[123.38,-1.5],[123.38,-1.5]]],[[[123.38,-1.5],[123.38,-1.5],[123.38,-1.5],[123.38,-1.5]]],[[[123.25,-1.5],[123.25,-1.5],[123.25,-1.5],[123.25,-1.5]]],[[[122.81,-1.5],[122.8,-1.5],[122.8,-1.51],[122.81,-1.5]]],[[[122.81,-1.5],[122.82,-1.5],[122.81,-1.5],[122.81,-1.5]]],[[[123.18,-1.5],[123.18,-1.5],[123.18,-1.5],[123.18,-1.5]]],[[[123.25,-1.5],[123.25,-1.5],[123.25,-1.5],[123.25,-1.5]]],[[[123.25,-1.5],[123.25,-1.5],[123.25,-1.5],[123.25,-1.5]]],[[[122.82,-1.5],[122.82,-1.5],[122.82,-1.49],[122.82,-1.5]]],[[[122.78,-1.49],[122.78,-1.49],[122.78,-1.49],[122.78,-1.49]]],[[[122.79,-1.49],[122.79,-1.49],[122.79,-1.49],[122.79,-1.49]]],[[[122.74,-1.49],[122.74,-1.49],[122.74,-1.49],[122.74,-1.49]]],[[[122.77,-1.49],[122.77,-1.49],[122.77,-1.49],[122.77,-1.49]]],[[[122.81,-1.49],[122.81,-1.48],[122.81,-1.49],[122.81,-1.49]]],[[[122.77,-1.49],[122.77,-1.48],[122.77,-1.49],[122.77,-1.49]]],[[[122.78,-1.48],[122.78,-1.48],[122.78,-1.48],[122.78,-1.48]]],[[[123.26,-1.48],[123.26,-1.48],[123.26,-1.48],[123.26,-1.48]]],[[[123.48,-1.48],[123.48,-1.48],[123.48,-1.48],[123.48,-1.48]]],[[[123.26,-1.48],[123.26,-1.48],[123.26,-1.48],[123.26,-1.48]]],[[[123.48,-1.48],[123.48,-1.48],[123.48,-1.48],[123.48,-1.48]]],[[[122.79,-1.47],[122.79,-1.47],[122.79,-1.47],[122.79,-1.47]]],[[[123.26,-1.47],[123.26,-1.47],[123.26,-1.47],[123.26,-1.47]]],[[[123.47,-1.47],[123.47,-1.47],[123.47,-1.47],[123.47,-1.47]]],[[[123.48,-1.47],[123.48,-1.47],[123.48,-1.47],[123.48,-1.47]]],[[[123.26,-1.46],[123.26,-1.46],[123.26,-1.46],[123.26,-1.46]]],[[[123.26,-1.45],[123.26,-1.46],[123.26,-1.45],[123.26,-1.45]]],[[[123.26,-1.45],[123.26,-1.45],[123.26,-1.45],[123.26,-1.45]]],[[[123.26,-1.45],[123.26,-1.46],[123.26,-1.46],[123.26,-1.45]]],[[[123.26,-1.45],[123.26,-1.45],[123.26,-1.45],[123.26,-1.45]]],[[[123.27,-1.45],[123.27,-1.45],[123.26,-1.45],[123.27,-1.45]]],[[[123.03,-1.45],[123.03,-1.45],[123.03,-1.45],[123.03,-1.45]]],[[[123.26,-1.45],[123.26,-1.45],[123.26,-1.45],[123.26,-1.45]]],[[[123.26,-1.45],[123.26,-1.44],[123.26,-1.44],[123.26,-1.45]]],[[[123.26,-1.45],[123.26,-1.44],[123.26,-1.44],[123.26,-1.45]]],[[[123.26,-1.44],[123.26,-1.44],[123.26,-1.44],[123.26,-1.44]]],[[[123.27,-1.44],[123.26,-1.44],[123.27,-1.45],[123.27,-1.44]]],[[[123.03,-1.44],[123.03,-1.44],[123.03,-1.44],[123.03,-1.44]]],[[[123.04,-1.44],[123.04,-1.44],[123.04,-1.44],[123.04,-1.44]]],[[[123.03,-1.44],[123.03,-1.44],[123.03,-1.44],[123.03,-1.44]]],[[[123.16,-1.43],[123.16,-1.43],[123.16,-1.43],[123.16,-1.43]]],[[[123.29,-1.43],[123.29,-1.43],[123.29,-1.43],[123.29,-1.43]]],[[[123.29,-1.43],[123.29,-1.43],[123.29,-1.43],[123.29,-1.43]]],[[[123.32,-1.43],[123.32,-1.43],[123.32,-1.43],[123.32,-1.43]]],[[[123.3,-1.42],[123.3,-1.42],[123.3,-1.42],[123.3,-1.42]]],[[[123.29,-1.43],[123.29,-1.43],[123.29,-1.43],[123.29,-1.43]]],[[[123.32,-1.43],[123.32,-1.42],[123.32,-1.42],[123.32,-1.43]]],[[[123.29,-1.42],[123.29,-1.42],[123.29,-1.42],[123.29,-1.42]]],[[[123.29,-1.42],[123.29,-1.42],[123.29,-1.42],[123.29,-1.42]]],[[[123.17,-1.42],[123.17,-1.42],[123.17,-1.42],[123.17,-1.42]]],[[[123.3,-1.42],[123.3,-1.42],[123.3,-1.42],[123.3,-1.42]]],[[[123.29,-1.42],[123.29,-1.42],[123.29,-1.42],[123.29,-1.42]]],[[[123.32,-1.42],[123.32,-1.42],[123.32,-1.42],[123.32,-1.42]]],[[[123.04,-1.42],[123.04,-1.42],[123.04,-1.42],[123.04,-1.42]]],[[[123.29,-1.42],[123.29,-1.42],[123.29,-1.42],[123.29,-1.42]]],[[[123.3,-1.42],[123.3,-1.42],[123.3,-1.42],[123.3,-1.42]]],[[[123.3,-1.42],[123.3,-1.42],[123.3,-1.42],[123.3,-1.42]]],[[[123.3,-1.42],[123.3,-1.41],[123.3,-1.41],[123.3,-1.42]]],[[[123.3,-1.42],[123.3,-1.41],[123.3,-1.41],[123.3,-1.42]]],[[[123.3,-1.41],[123.3,-1.41],[123.3,-1.41],[123.3,-1.41]]],[[[123.16,-1.41],[123.16,-1.43],[123.17,-1.42],[123.16,-1.41]]],[[[123.15,-1.41],[123.15,-1.41],[123.15,-1.41],[123.15,-1.41]]],[[[122.79,-1.41],[122.79,-1.41],[122.79,-1.41],[122.79,-1.41]]],[[[123.16,-1.41],[123.16,-1.41],[123.16,-1.41],[123.16,-1.41]]],[[[122.79,-1.4],[122.79,-1.4],[122.79,-1.4],[122.79,-1.4]]],[[[123.16,-1.4],[123.16,-1.41],[123.16,-1.41],[123.16,-1.4]]],[[[123.16,-1.4],[123.16,-1.4],[123.16,-1.4],[123.16,-1.4]]],[[[123.07,-1.39],[123.07,-1.39],[123.07,-1.39],[123.07,-1.39]]],[[[123.16,-1.39],[123.16,-1.39],[123.16,-1.39],[123.16,-1.39]]],[[[123.07,-1.39],[123.07,-1.39],[123.07,-1.39],[123.07,-1.39]]],[[[123.23,-1.39],[123.23,-1.39],[123.23,-1.39],[123.23,-1.39]]],[[[123.06,-1.39],[123.06,-1.39],[123.06,-1.39],[123.06,-1.39]]],[[[123.07,-1.38],[123.07,-1.38],[123.07,-1.38],[123.07,-1.38]]],[[[123.16,-1.38],[123.16,-1.38],[123.16,-1.38],[123.16,-1.38]]],[[[123.23,-1.37],[123.23,-1.37],[123.23,-1.37],[123.23,-1.37]]],[[[123.23,-1.37],[123.23,-1.37],[123.23,-1.37],[123.23,-1.37]]],[[[123.23,-1.37],[123.23,-1.37],[123.23,-1.37],[123.23,-1.37]]],[[[123.22,-1.36],[123.22,-1.36],[123.22,-1.36],[123.22,-1.36]]],[[[123.22,-1.36],[123.22,-1.36],[123.22,-1.36],[123.22,-1.36]]],[[[123.23,-1.35],[123.23,-1.35],[123.23,-1.35],[123.23,-1.35]]],[[[123.11,-1.35],[123.11,-1.35],[123.11,-1.35],[123.11,-1.35]]],[[[123.21,-1.35],[123.21,-1.35],[123.21,-1.35],[123.21,-1.35]]],[[[123.09,-1.35],[123.09,-1.35],[123.09,-1.35],[123.09,-1.35]]],[[[123.22,-1.35],[123.22,-1.34],[123.22,-1.35],[123.22,-1.35]]],[[[123.21,-1.34],[123.21,-1.34],[123.21,-1.34],[123.21,-1.34]]],[[[123.21,-1.34],[123.21,-1.34],[123.21,-1.34],[123.21,-1.34]]],[[[122.75,-1.34],[122.75,-1.33],[122.75,-1.33],[122.75,-1.34]]],[[[123.21,-1.33],[123.21,-1.33],[123.21,-1.33],[123.21,-1.33]]],[[[123.2,-1.33],[123.2,-1.33],[123.2,-1.33],[123.2,-1.33]]],[[[123.28,-1.33],[123.28,-1.33],[123.28,-1.33],[123.28,-1.33]]],[[[123.21,-1.33],[123.21,-1.33],[123.21,-1.33],[123.21,-1.33]]],[[[123.21,-1.33],[123.21,-1.33],[123.21,-1.33],[123.21,-1.33]]],[[[123.21,-1.33],[123.21,-1.33],[123.21,-1.33],[123.21,-1.33]]],[[[123.22,-1.33],[123.22,-1.33],[123.22,-1.33],[123.22,-1.33]]],[[[123.28,-1.33],[123.28,-1.33],[123.28,-1.33],[123.28,-1.33]]],[[[123.21,-1.33],[123.21,-1.33],[123.2,-1.33],[123.21,-1.33]]],[[[123.28,-1.33],[123.28,-1.33],[123.28,-1.33],[123.28,-1.33]]],[[[123.21,-1.33],[123.21,-1.33],[123.21,-1.33],[123.21,-1.33]]],[[[123.21,-1.33],[123.21,-1.33],[123.22,-1.34],[123.21,-1.33]]],[[[123.22,-1.33],[123.22,-1.32],[123.22,-1.33],[123.22,-1.33]]],[[[123.22,-1.32],[123.22,-1.32],[123.22,-1.32],[123.22,-1.32]]],[[[123.28,-1.32],[123.28,-1.32],[123.28,-1.32],[123.28,-1.32]]],[[[123.28,-1.32],[123.28,-1.32],[123.28,-1.32],[123.28,-1.32]]],[[[123.28,-1.32],[123.28,-1.32],[123.28,-1.32],[123.28,-1.32]]],[[[123.28,-1.32],[123.28,-1.32],[123.28,-1.32],[123.28,-1.32]]],[[[123.21,-1.32],[123.21,-1.32],[123.21,-1.32],[123.21,-1.32]]],[[[123.12,-1.33],[123.12,-1.32],[123.11,-1.33],[123.12,-1.33]]],[[[123.11,-1.32],[123.11,-1.32],[123.11,-1.32],[123.11,-1.32]]],[[[123.2,-1.32],[123.2,-1.32],[123.19,-1.32],[123.2,-1.32]]],[[[123.21,-1.32],[123.21,-1.32],[123.21,-1.32],[123.21,-1.32]]],[[[123.21,-1.32],[123.21,-1.32],[123.21,-1.32],[123.21,-1.32]]],[[[123.22,-1.32],[123.22,-1.32],[123.22,-1.32],[123.22,-1.32]]],[[[123.22,-1.32],[123.22,-1.32],[123.22,-1.32],[123.22,-1.32]]],[[[123.28,-1.32],[123.28,-1.32],[123.28,-1.32],[123.28,-1.32]]],[[[123.28,-1.32],[123.28,-1.32],[123.28,-1.32],[123.28,-1.32]]],[[[123.28,-1.32],[123.28,-1.32],[123.28,-1.32],[123.28,-1.32]]],[[[123.24,-1.32],[123.24,-1.32],[123.24,-1.32],[123.24,-1.32]]],[[[123.28,-1.32],[123.28,-1.32],[123.28,-1.32],[123.28,-1.32]]],[[[123.28,-1.32],[123.28,-1.32],[123.28,-1.32],[123.28,-1.32]]],[[[123.22,-1.32],[123.22,-1.32],[123.22,-1.32],[123.22,-1.32]]],[[[123.2,-1.32],[123.19,-1.32],[123.19,-1.32],[123.2,-1.32]]],[[[123.22,-1.32],[123.22,-1.32],[123.22,-1.32],[123.22,-1.32]],[[123.22,-1.32],[123.21,-1.32],[123.22,-1.32],[123.22,-1.32]]],[[[123.29,-1.31],[123.29,-1.31],[123.29,-1.31],[123.29,-1.31]]],[[[123.22,-1.32],[123.22,-1.32],[123.22,-1.32],[123.22,-1.32]]],[[[123.2,-1.31],[123.2,-1.31],[123.2,-1.31],[123.2,-1.31]]],[[[123.19,-1.32],[123.19,-1.31],[123.19,-1.31],[123.19,-1.32]]],[[[123.22,-1.31],[123.22,-1.31],[123.22,-1.31],[123.22,-1.31]]],[[[123.2,-1.31],[123.2,-1.31],[123.2,-1.31],[123.2,-1.31]]],[[[123.24,-1.31],[123.24,-1.31],[123.24,-1.31],[123.24,-1.31]]],[[[123.24,-1.31],[123.24,-1.31],[123.24,-1.31],[123.24,-1.31]]],[[[123.22,-1.31],[123.22,-1.31],[123.22,-1.31],[123.22,-1.31]]],[[[123.56,-1.29],[123.56,-1.28],[123.56,-1.28],[123.56,-1.29]]],[[[123.2,-1.29],[123.2,-1.29],[123.2,-1.28],[123.2,-1.29]]],[[[123.21,-1.29],[123.21,-1.28],[123.21,-1.28],[123.21,-1.29]]],[[[123.56,-1.28],[123.56,-1.28],[123.56,-1.28],[123.56,-1.28]]],[[[123.2,-1.28],[123.2,-1.28],[123.2,-1.28],[123.2,-1.28]]],[[[123.2,-1.27],[123.2,-1.27],[123.2,-1.27],[123.2,-1.27]]],[[[123.23,-1.26],[123.23,-1.26],[123.23,-1.26],[123.23,-1.26]]],[[[123.23,-1.25],[123.23,-1.25],[123.23,-1.25],[123.23,-1.25]]],[[[123.42,-1.25],[123.42,-1.25],[123.42,-1.25],[123.42,-1.25]]],[[[123.24,-1.24],[123.24,-1.24],[123.24,-1.24],[123.24,-1.24]]],[[[123.24,-1.24],[123.24,-1.24],[123.24,-1.24],[123.24,-1.24]]],[[[123.24,-1.24],[123.24,-1.24],[123.24,-1.24],[123.24,-1.24]]],[[[123.24,-1.24],[123.24,-1.24],[123.24,-1.24],[123.24,-1.24]]],[[[123.23,-1.23],[123.23,-1.23],[123.23,-1.23],[123.23,-1.23]]],[[[123.42,-1.23],[123.42,-1.23],[123.42,-1.23],[123.42,-1.23]]],[[[123.41,-1.22],[123.41,-1.22],[123.41,-1.22],[123.41,-1.22]]],[[[123.41,-1.22],[123.41,-1.22],[123.41,-1.22],[123.41,-1.22]]],[[[123.41,-1.22],[123.41,-1.22],[123.41,-1.22],[123.41,-1.22]]],[[[123.41,-1.22],[123.41,-1.22],[123.41,-1.22],[123.41,-1.22]]],[[[123.41,-1.22],[123.41,-1.21],[123.41,-1.22],[123.41,-1.22]]],[[[122.97,-1.21],[122.97,-1.21],[122.97,-1.21],[122.97,-1.21]]],[[[123.14,-1.21],[123.14,-1.21],[123.14,-1.21],[123.14,-1.21]]],[[[123.14,-1.21],[123.14,-1.21],[123.15,-1.21],[123.14,-1.21]]],[[[123.14,-1.21],[123.14,-1.2],[123.14,-1.21],[123.14,-1.21]]],[[[123.14,-1.2],[123.14,-1.2],[123.14,-1.21],[123.14,-1.2]]],[[[123.14,-1.2],[123.14,-1.2],[123.13,-1.2],[123.14,-1.2]]],[[[123.14,-1.2],[123.14,-1.19],[123.14,-1.2],[123.14,-1.2]]],[[[123.32,-1.22],[123.28,-1.19],[123.3,-1.28],[123.32,-1.22]]],[[[123.17,-1.15],[123.14,-1.21],[122.91,-1.18],[122.83,-1.28],[122.79,-1.46],[122.87,-1.6],[123.12,-1.29],[123.18,-1.51],[123.1,-1.59],[123.15,-1.64],[123.25,-1.64],[123.3,-1.41],[123.35,-1.52],[123.51,-1.45],[123.56,-1.28],[123.38,-1.22],[123.24,-1.4],[123.18,-1.32],[123.25,-1.23],[123.17,-1.15]]],[[[123.3,-1.15],[123.28,-1.16],[123.28,-1.18],[123.3,-1.15]]]]},"properties":{"KDPPUM":"72","KDPKAB":"72.07","WADMKK":"Banggai Kepulauan","ID_KAB":7201}},{"type":"Feature","geometry":{"type":"MultiPolygon","coordinates":[[[[122.7,-1.14],[122.7,-1.14],[122.7,-1.14],[122.7,-1.14]]],[[[122.69,-1.13],[122.69,-1.13],[122.7,-1.14],[122.69,-1.13]]],[[[123.25,-1.01],[123.25,-1.01],[123.25,-1.01],[123.25,-1.01]]],[[[123.25,-1.01],[123.25,-1.01],[123.25,-1.01],[123.25,-1.01]]],[[[123.06,-0.9],[123.06,-0.9],[123.06,-0.9],[123.06,-0.9]]],[[[123.06,-0.89],[123.06,-0.89],[123.06,-0.89],[123.06,-0.89]]],[[[123.07,-0.89],[123.07,-0.89],[123.07,-0.89],[123.07,-0.89]]],[[[123.07,-0.89],[123.07,-0.89],[123.07,-0.89],[123.07,-0.89]]],[[[123.08,-0.89],[123.06,-0.9],[123.08,-0.9],[123.08,-0.89]]],[[[123.08,-0.89],[123.08,-0.89],[123.08,-0.89],[123.08,-0.89]]],[[[123.07,-0.89],[123.07,-0.89],[123.07,-0.89],[123.07,-0.89]]],[[[123.14,-0.89],[123.14,-0.89],[123.14,-0.89],[123.14,-0.89]]],[[[123.07,-0.89],[123.07,-0.89],[123.07,-0.89],[123.07,-0.89]]],[[[123.07,-0.89],[123.07,-0.89],[123.07,-0.89],[123.07,-0.89]]],[[[123.08,-0.89],[123.08,-0.89],[123.08,-0.89],[123.08,-0.89]]],[[[123.08,-0.89],[123.08,-0.89],[123.07,-0.89],[123.08,-0.89]]],[[[123.07,-0.88],[123.07,-0.89],[123.07,-0.89],[123.07,-0.88]]],[[[123.07,-0.88],[123.08,-0.88],[123.08,-0.88],[123.07,-0.88]]],[[[123.08,-0.88],[123.08,-0.88],[123.08,-0.88],[123.08,-0.88]]],[[[123.08,-0.88],[123.08,-0.89],[123.08,-0.88],[123.08,-0.88]]],[[[123.08,-0.88],[123.08,-0.88],[123.08,-0.88],[123.08,-0.88]]],[[[123.08,-0.88],[123.08,-0.88],[123.08,-0.88],[123.08,-0.88]]],[[[123.08,-0.88],[123.07,-0.88],[123.07,-0.88],[123.08,-0.88]]],[[[123.07,-0.87],[123.07,-0.87],[123.07,-0.87],[123.07,-0.87]]],[[[122.15,-0.85],[122.15,-0.85],[122.15,-0.85],[122.15,-0.85]]],[[[123.45,-0.83],[123.45,-0.83],[123.45,-0.83],[123.45,-0.83]]],[[[123.45,-0.82],[123.46,-0.82],[123.46,-0.82],[123.45,-0.82]]],[[[122.65,-0.78],[122.64,-0.78],[122.65,-0.78],[122.65,-0.78]]],[[[122.65,-0.78],[122.65,-0.78],[122.65,-0.78],[122.65,-0.78]]],[[[122.65,-0.78],[122.65,-0.78],[122.65,-0.78],[122.65,-0.78]]],[[[122.65,-0.78],[122.65,-0.78],[122.65,-0.78],[122.65,-0.78]]],[[[122.65,-0.78],[122.65,-0.78],[122.65,-0.78],[122.65,-0.78]]],[[[122.65,-0.78],[122.65,-0.78],[122.64,-0.78],[122.65,-0.78]]],[[[122.65,-0.78],[122.65,-0.77],[122.64,-0.78],[122.65,-0.78]]],[[[123.39,-0.67],[123.39,-0.67],[123.39,-0.67],[123.39,-0.67]]],[[[122.7,-0.67],[122.7,-0.67],[122.69,-0.67],[122.7,-0.67]]],[[[122.75,-0.64],[122.74,-0.64],[122.75,-0.65],[122.75,-0.64]]],[[[122.95,-0.64],[122.96,-0.64],[122.95,-0.64],[122.95,-0.64]]],[[[122.88,-0.63],[122.88,-0.63],[122.88,-0.63],[122.88,-0.63]]],[[[122.96,-0.63],[122.96,-0.63],[122.96,-0.63],[122.96,-0.63]]],[[[122.88,-0.63],[122.88,-0.63],[122.88,-0.63],[122.88,-0.63]]],[[[122.89,-0.63],[122.89,-0.63],[122.89,-0.63],[122.89,-0.63]]],[[[122.96,-0.63],[122.96,-0.63],[122.96,-0.63],[122.96,-0.63]]],[[[122.89,-0.63],[122.89,-0.63],[122.89,-0.63],[122.89,-0.63]]],[[[122.89,-0.63],[122.89,-0.63],[122.89,-0.63],[122.89,-0.63]]],[[[122.89,-0.63],[122.89,-0.63],[122.89,-0.63],[122.89,-0.63]]],[[[122.95,-0.63],[122.95,-0.63],[122.95,-0.63],[122.95,-0.63]]],[[[122.95,-0.63],[122.95,-0.63],[122.95,-0.63],[122.95,-0.63]]],[[[122.94,-0.63],[122.94,-0.63],[122.94,-0.63],[122.94,-0.63]]],[[[122.84,-0.63],[122.83,-0.63],[122.83,-0.63],[122.84,-0.63]]],[[[122.91,-0.63],[122.91,-0.62],[122.9,-0.62],[122.91,-0.63]]],[[[122.95,-0.62],[122.95,-0.62],[122.95,-0.62],[122.95,-0.62]]],[[[122.95,-0.62],[122.95,-0.62],[122.95,-0.62],[122.95,-0.62]]],[[[123.37,-0.62],[123.37,-0.62],[123.37,-0.62],[123.37,-0.62]]],[[[122.92,-0.62],[122.92,-0.62],[122.92,-0.62],[122.92,-0.62]]],[[[123.36,-0.62],[123.36,-0.62],[123.36,-0.62],[123.36,-0.62]]],[[[122.91,-0.62],[122.91,-0.62],[122.9,-0.62],[122.91,-0.62]]],[[[122.97,-0.61],[122.97,-0.61],[122.97,-0.61],[122.97,-0.61]]],[[[122.98,-0.61],[122.98,-0.61],[122.98,-0.61],[122.98,-0.61]]],[[[122.97,-0.61],[122.97,-0.61],[122.97,-0.61],[122.97,-0.61]]],[[[123.35,-0.61],[123.35,-0.61],[123.35,-0.61],[123.35,-0.61]]],[[[122.66,-0.61],[122.65,-0.61],[122.64,-0.61],[122.66,-0.61]]],[[[123.34,-0.6],[123.33,-0.61],[123.34,-0.61],[123.34,-0.6]]],[[[122.91,-0.6],[122.91,-0.6],[122.91,-0.6],[122.91,-0.6]]],[[[123.03,-0.59],[123.03,-0.59],[123.03,-0.59],[123.03,-0.59]]],[[[122.97,-0.58],[122.97,-0.58],[122.97,-0.58],[122.97,-0.58]]],[[[122.61,-0.58],[122.61,-0.58],[122.61,-0.58],[122.61,-0.58]]],[[[122.59,-0.57],[122.59,-0.57],[122.59,-0.57],[122.59,-0.57]]],[[[123.09,-0.58],[122.72,-0.66],[122.96,-0.75],[122.2,-0.79],[122.1,-0.96],[121.85,-0.98],[121.88,-1.07],[122.16,-1.28],[122.09,-1.39],[121.99,-1.38],[122.06,-1.43],[122.06,-1.62],[122.39,-1.49],[122.8,-0.94],[123.04,-0.91],[123.1,-0.83],[123.14,-0.95],[123.35,-1.03],[123.46,-0.77],[123.41,-0.66],[123.09,-0.58]]],[[[122.58,-0.56],[122.58,-0.56],[122.58,-0.56],[122.58,-0.56]]],[[[123.1,-0.55],[123.1,-0.55],[123.09,-0.55],[123.1,-0.55]]],[[[122.86,-0.54],[122.86,-0.54],[122.86,-0.54],[122.86,-0.54]]],[[[122.83,-0.53],[122.83,-0.53],[122.83,-0.53],[122.83,-0.53]]],[[[122.52,-0.52],[122.51,-0.51],[122.51,-0.52],[122.52,-0.52]]],[[[123.1,-0.51],[123.09,-0.51],[123.1,-0.52],[123.1,-0.51]]],[[[122.65,-0.5],[122.65,-0.51],[122.65,-0.51],[122.65,-0.5]]],[[[122.52,-0.49],[122.51,-0.49],[122.51,-0.49],[122.52,-0.49]]],[[[122.94,-0.49],[122.94,-0.48],[122.93,-0.48],[122.94,-0.49]]],[[[122.6,-0.48],[122.53,-0.5],[122.62,-0.5],[122.6,-0.48]]],[[[122.82,-0.47],[122.82,-0.47],[122.83,-0.47],[122.82,-0.47]]],[[[122.6,-0.44],[122.6,-0.44],[122.6,-0.44],[122.6,-0.44]]],[[[122.62,-0.43],[122.62,-0.43],[122.62,-0.43],[122.62,-0.43]]],[[[122.64,-0.42],[122.63,-0.42],[122.63,-0.42],[122.64,-0.42]]]]},"properties":{"KDPPUM":"72","KDPKAB":"72.01","WADMKK":"Banggai","ID_KAB":7202}},{"type":"Feature","geometry":{"type":"MultiPolygon","coordinates":[[[[123.15,-3.56],[123.04,-3.59],[123.18,-3.62],[123.15,-3.56]]],[[[123.03,-3.55],[123.04,-3.55],[123.05,-3.55],[123.03,-3.55]]],[[[122.95,-3.53],[122.97,-3.55],[122.97,-3.54],[122.95,-3.53]]],[[[123.06,-3.52],[123.06,-3.52],[123.06,-3.52],[123.06,-3.52]]],[[[122.96,-3.52],[122.96,-3.52],[122.96,-3.52],[122.96,-3.52]],[[122.96,-3.51],[122.96,-3.51],[122.96,-3.51],[122.96,-3.51]]],[[[123.1,-3.5],[123.06,-3.51],[123.06,-3.52],[123.1,-3.5]]],[[[122.96,-3.5],[122.95,-3.52],[122.96,-3.51],[122.96,-3.5]]],[[[122.96,-3.5],[122.96,-3.49],[122.96,-3.5],[122.96,-3.5]]],[[[123.01,-3.49],[123.0,-3.5],[123.01,-3.51],[123.01,-3.49]]],[[[122.96,-3.49],[122.96,-3.49],[122.96,-3.49],[122.96,-3.49]]],[[[122.96,-3.5],[122.96,-3.49],[122.96,-3.49],[122.96,-3.5]]],[[[122.97,-3.49],[122.97,-3.49],[122.97,-3.49],[122.97,-3.49]]],[[[122.91,-3.48],[122.91,-3.49],[122.91,-3.49],[122.91,-3.48]]],[[[122.97,-3.48],[122.97,-3.47],[122.96,-3.47],[122.97,-3.48]]],[[[123.0,-3.47],[123.0,-3.47],[123.0,-3.47],[123.0,-3.47]]],[[[122.98,-3.45],[122.96,-3.46],[122.99,-3.5],[122.98,-3.45]]],[[[122.88,-3.4],[122.88,-3.41],[122.88,-3.41],[122.88,-3.4]]],[[[122.94,-3.4],[122.94,-3.42],[122.95,-3.41],[122.94,-3.4]]],[[[122.88,-3.4],[122.88,-3.4],[122.88,-3.4],[122.88,-3.4]]],[[[122.89,-3.4],[122.87,-3.41],[122.88,-3.44],[122.89,-3.4]]],[[[122.64,-3.39],[122.64,-3.39],[122.64,-3.39],[122.64,-3.39]]],[[[122.65,-3.39],[122.65,-3.39],[122.66,-3.39],[122.65,-3.39]]],[[[122.61,-3.39],[122.62,-3.4],[122.62,-3.39],[122.61,-3.39]]],[[[122.86,-3.39],[122.86,-3.39],[122.86,-3.39],[122.86,-3.39]]],[[[122.86,-3.38],[122.86,-3.38],[122.86,-3.38],[122.86,-3.38]]],[[[122.95,-3.38],[122.94,-3.39],[122.96,-3.39],[122.95,-3.38]]],[[[122.82,-3.4],[122.82,-3.38],[122.81,-3.4],[122.82,-3.4]]],[[[122.61,-3.37],[122.6,-3.38],[122.61,-3.38],[122.61,-3.37]]],[[[122.84,-3.36],[122.84,-3.36],[122.84,-3.36],[122.84,-3.36]]],[[[122.84,-3.36],[122.84,-3.36],[122.84,-3.36],[122.84,-3.36]]],[[[122.59,-3.36],[122.59,-3.36],[122.59,-3.36],[122.59,-3.36]]],[[[122.86,-3.36],[122.86,-3.39],[122.87,-3.37],[122.86,-3.36]]],[[[122.78,-3.36],[122.74,-3.36],[122.75,-3.39],[122.78,-3.36]]],[[[122.78,-3.36],[122.78,-3.36],[122.78,-3.36],[122.78,-3.36]]],[[[122.78,-3.36],[122.77,-3.36],[122.77,-3.36],[122.78,-3.36]]],[[[122.78,-3.35],[122.79,-3.36],[122.78,-3.36],[122.78,-3.35]]],[[[122.73,-3.35],[122.7,-3.39],[122.71,-3.4],[122.73,-3.35]]],[[[122.85,-3.35],[122.84,-3.36],[122.86,-3.39],[122.85,-3.35]]],[[[122.78,-3.35],[122.78,-3.35],[122.78,-3.35],[122.78,-3.35]]],[[[122.85,-3.35],[122.84,-3.35],[122.86,-3.36],[122.85,-3.35]]],[[[122.58,-3.35],[122.58,-3.35],[122.58,-3.35],[122.58,-3.35]]],[[[122.4,-3.35],[122.4,-3.35],[122.4,-3.34],[122.4,-3.35]]],[[[122.58,-3.35],[122.58,-3.35],[122.58,-3.34],[122.58,-3.35]]],[[[122.39,-3.35],[122.39,-3.35],[122.4,-3.35],[122.39,-3.35]]],[[[122.39,-3.34],[122.39,-3.34],[122.39,-3.34],[122.39,-3.34]]],[[[122.39,-3.34],[122.39,-3.34],[122.39,-3.34],[122.39,-3.34]]],[[[122.39,-3.34],[122.39,-3.34],[122.39,-3.34],[122.39,-3.34]]],[[[122.57,-3.34],[122.58,-3.35],[122.58,-3.34],[122.57,-3.34]]],[[[122.58,-3.34],[122.58,-3.33],[122.58,-3.34],[122.58,-3.34]]],[[[122.57,-3.34],[122.57,-3.33],[122.57,-3.34],[122.57,-3.34]]],[[[122.71,-3.33],[122.7,-3.33],[122.7,-3.33],[122.71,-3.33]]],[[[122.41,-3.32],[122.41,-3.32],[122.41,-3.32],[122.41,-3.32]]],[[[122.4,-3.32],[122.4,-3.32],[122.4,-3.32],[122.4,-3.32]]],[[[122.41,-3.32],[122.41,-3.32],[122.41,-3.32],[122.41,-3.32]]],[[[122.41,-3.32],[122.41,-3.32],[122.41,-3.32],[122.41,-3.32]]],[[[122.41,-3.32],[122.41,-3.32],[122.41,-3.32],[122.41,-3.32]]],[[[122.4,-3.31],[122.4,-3.31],[122.4,-3.31],[122.4,-3.31]]],[[[122.4,-3.31],[122.39,-3.33],[122.41,-3.33],[122.4,-3.31]]],[[[122.4,-3.31],[122.4,-3.31],[122.4,-3.31],[122.4,-3.31]]],[[[122.4,-3.31],[122.4,-3.31],[122.4,-3.31],[122.4,-3.31]]],[[[122.4,-3.31],[122.4,-3.31],[122.4,-3.31],[122.4,-3.31]]],[[[122.39,-3.3],[122.39,-3.3],[122.39,-3.31],[122.39,-3.3]]],[[[122.38,-3.3],[122.38,-3.3],[122.38,-3.3],[122.38,-3.3]]],[[[122.38,-3.3],[122.38,-3.3],[122.38,-3.3],[122.38,-3.3]]],[[[122.38,-3.3],[122.38,-3.3],[122.38,-3.3],[122.38,-3.3]]],[[[122.38,-3.3],[122.38,-3.3],[122.38,-3.3],[122.38,-3.3]]],[[[122.38,-3.29],[122.38,-3.3],[122.38,-3.3],[122.38,-3.29]]],[[[122.43,-3.29],[122.43,-3.29],[122.43,-3.29],[122.43,-3.29]]],[[[122.55,-3.28],[122.55,-3.29],[122.56,-3.29],[122.55,-3.28]]],[[[122.39,-3.28],[122.38,-3.28],[122.39,-3.29],[122.39,-3.28]]],[[[122.41,-3.28],[122.41,-3.28],[122.41,-3.28],[122.41,-3.28]]],[[[122.41,-3.28],[122.41,-3.28],[122.41,-3.28],[122.41,-3.28]]],[[[122.39,-3.28],[122.39,-3.27],[122.39,-3.28],[122.39,-3.28]]],[[[122.4,-3.27],[122.4,-3.27],[122.4,-3.27],[122.4,-3.27]]],[[[122.41,-3.27],[122.41,-3.27],[122.41,-3.27],[122.41,-3.27]]],[[[122.4,-3.27],[122.4,-3.28],[122.4,-3.27],[122.4,-3.27]]],[[[122.42,-3.27],[122.42,-3.27],[122.42,-3.27],[122.42,-3.27]]],[[[122.4,-3.27],[122.4,-3.27],[122.4,-3.27],[122.4,-3.27]]],[[[122.4,-3.27],[122.4,-3.27],[122.4,-3.27],[122.4,-3.27]]],[[[122.44,-3.28],[122.44,-3.27],[122.43,-3.29],[122.44,-3.28]]],[[[122.42,-3.27],[122.42,-3.27],[122.42,-3.27],[122.42,-3.27]]],[[[122.4,-3.27],[122.4,-3.27],[122.4,-3.27],[122.4,-3.27]]],[[[122.4,-3.27],[122.39,-3.27],[122.4,-3.27],[122.4,-3.27]]],[[[122.4,-3.27],[122.4,-3.27],[122.4,-3.27],[122.4,-3.27]]],[[[122.51,-3.27],[122.51,-3.27],[122.52,-3.27],[122.51,-3.27]]],[[[122.51,-3.27],[122.51,-3.27],[122.51,-3.27],[122.51,-3.27]]],[[[122.52,-3.27],[122.52,-3.27],[122.52,-3.27],[122.52,-3.27]]],[[[122.42,-3.27],[122.42,-3.27],[122.42,-3.27],[122.42,-3.27]]],[[[122.41,-3.26],[122.41,-3.26],[122.41,-3.26],[122.41,-3.26]]],[[[122.38,-3.26],[122.38,-3.26],[122.38,-3.26],[122.38,-3.26]]],[[[122.38,-3.26],[122.38,-3.26],[122.38,-3.26],[122.38,-3.26]]],[[[122.38,-3.26],[122.38,-3.26],[122.38,-3.26],[122.38,-3.26]]],[[[122.38,-3.26],[122.38,-3.26],[122.38,-3.26],[122.38,-3.26]]],[[[122.4,-3.25],[122.4,-3.25],[122.39,-3.25],[122.4,-3.25]]],[[[122.32,-3.25],[122.32,-3.25],[122.32,-3.25],[122.32,-3.25]]],[[[122.37,-3.25],[122.37,-3.25],[122.37,-3.25],[122.37,-3.25]]],[[[122.36,-3.25],[122.36,-3.25],[122.36,-3.25],[122.36,-3.25]]],[[[122.34,-3.24],[122.34,-3.24],[122.34,-3.24],[122.34,-3.24]]],[[[122.36,-3.24],[122.36,-3.24],[122.36,-3.24],[122.36,-3.24]]],[[[122.34,-3.24],[122.34,-3.24],[122.34,-3.23],[122.34,-3.24]]],[[[122.34,-3.23],[122.34,-3.23],[122.34,-3.23],[122.34,-3.23]]],[[[122.63,-3.22],[122.63,-3.22],[122.63,-3.22],[122.63,-3.22]]],[[[122.59,-3.15],[122.59,-3.14],[122.59,-3.15],[122.59,-3.15]]],[[[122.44,-3.14],[122.44,-3.14],[122.44,-3.14],[122.44,-3.14]]],[[[122.62,-3.13],[122.62,-3.13],[122.62,-3.13],[122.62,-3.13]]],[[[122.61,-3.13],[122.61,-3.12],[122.61,-3.13],[122.61,-3.13]]],[[[122.59,-3.12],[122.59,-3.12],[122.59,-3.12],[122.59,-3.12]]],[[[122.59,-3.12],[122.59,-3.12],[122.59,-3.12],[122.59,-3.12]]],[[[122.58,-3.11],[122.57,-3.12],[122.57,-3.12],[122.58,-3.11]]],[[[122.54,-3.09],[122.53,-3.09],[122.53,-3.1],[122.54,-3.09]]],[[[122.52,-3.09],[122.53,-3.1],[122.53,-3.09],[122.52,-3.09]]],[[[122.53,-3.09],[122.53,-3.09],[122.53,-3.09],[122.53,-3.09]]],[[[122.52,-3.09],[122.52,-3.09],[122.52,-3.09],[122.52,-3.09]]],[[[122.53,-3.09],[122.53,-3.09],[122.53,-3.09],[122.53,-3.09]]],[[[122.53,-3.09],[122.53,-3.09],[122.53,-3.09],[122.53,-3.09]]],[[[122.52,-3.09],[122.52,-3.09],[122.52,-3.09],[122.52,-3.09]]],[[[122.52,-3.09],[122.52,-3.09],[122.52,-3.09],[122.52,-3.09]]],[[[122.52,-3.09],[122.52,-3.09],[122.52,-3.09],[122.52,-3.09]]],[[[122.54,-3.08],[122.53,-3.09],[122.54,-3.09],[122.54,-3.08]]],[[[122.37,-3.07],[122.37,-3.07],[122.37,-3.07],[122.37,-3.07]]],[[[122.47,-3.06],[122.46,-3.06],[122.48,-3.08],[122.47,-3.06]]],[[[122.47,-3.06],[122.46,-3.06],[122.47,-3.06],[122.47,-3.06]]],[[[122.49,-3.07],[122.48,-3.08],[122.52,-3.09],[122.49,-3.07]]],[[[122.52,-3.06],[122.52,-3.06],[122.52,-3.06],[122.52,-3.06]]],[[[122.48,-3.06],[122.48,-3.06],[122.48,-3.06],[122.48,-3.06]]],[[[122.4,-3.06],[122.4,-3.06],[122.4,-3.06],[122.4,-3.06]]],[[[122.5,-3.05],[122.5,-3.05],[122.5,-3.05],[122.5,-3.05]]],[[[122.49,-3.06],[122.49,-3.06],[122.49,-3.05],[122.49,-3.06]]],[[[122.52,-3.05],[122.52,-3.05],[122.51,-3.06],[122.52,-3.05]]],[[[122.39,-3.05],[122.38,-3.06],[122.39,-3.06],[122.39,-3.05]]],[[[122.39,-3.03],[122.36,-3.04],[122.38,-3.04],[122.39,-3.03]]],[[[122.36,-3.03],[122.36,-3.03],[122.35,-3.03],[122.36,-3.03]]],[[[122.37,-3.03],[122.36,-3.02],[122.36,-3.03],[122.37,-3.03]]],[[[122.33,-3.02],[122.32,-3.02],[122.33,-3.02],[122.33,-3.02]]],[[[122.41,-3.02],[122.39,-3.04],[122.41,-3.06],[122.41,-3.02]]],[[[122.32,-3.0],[122.33,-3.02],[122.36,-3.02],[122.32,-3.0]]],[[[122.23,-2.89],[122.23,-2.89],[122.23,-2.89],[122.23,-2.89]]],[[[122.21,-2.89],[122.21,-2.89],[122.22,-2.89],[122.21,-2.89]]],[[[122.2,-2.88],[122.21,-2.88],[122.2,-2.88],[122.2,-2.88]]],[[[122.22,-2.88],[122.22,-2.88],[122.22,-2.88],[122.22,-2.88]]],[[[122.22,-2.88],[122.22,-2.88],[122.22,-2.88],[122.22,-2.88]]],[[[122.23,-2.87],[122.23,-2.87],[122.23,-2.87],[122.23,-2.87]]],[[[122.23,-2.87],[122.23,-2.87],[122.23,-2.87],[122.23,-2.87]]],[[[122.23,-2.87],[122.23,-2.87],[122.23,-2.87],[122.23,-2.87]]],[[[122.17,-2.82],[122.18,-2.82],[122.18,-2.82],[122.17,-2.82]]],[[[122.18,-2.81],[122.18,-2.82],[122.18,-2.82],[122.18,-2.81]],[[122.17,-2.81],[122.17,-2.81],[122.17,-2.82],[122.17,-2.81]]],[[[121.99,-2.59],[121.99,-2.59],[121.99,-2.59],[121.99,-2.59]]],[[[121.98,-2.57],[121.98,-2.57],[121.98,-2.57],[121.98,-2.57]]],[[[121.98,-2.55],[121.98,-2.55],[121.98,-2.55],[121.98,-2.55]]],[[[121.98,-2.55],[121.98,-2.55],[121.98,-2.55],[121.98,-2.55]]],[[[121.98,-2.55],[121.98,-2.55],[121.98,-2.55],[121.98,-2.55]]],[[[121.98,-2.55],[121.98,-2.55],[121.97,-2.55],[121.98,-2.55]]],[[[121.98,-2.55],[121.98,-2.55],[121.97,-2.55],[121.98,-2.55]]],[[[121.97,-2.54],[121.97,-2.54],[121.97,-2.53],[121.97,-2.54]]],[[[121.97,-2.54],[121.97,-2.53],[121.97,-2.53],[121.97,-2.54]]],[[[121.97,-2.53],[121.97,-2.53],[121.97,-2.53],[121.97,-2.53]]],[[[121.95,-2.51],[121.95,-2.51],[121.95,-2.51],[121.95,-2.51]]],[[[121.44,-2.41],[121.44,-2.41],[121.44,-2.41],[121.44,-2.41]]],[[[121.44,-2.41],[121.78,-2.63],[121.69,-2.92],[122.07,-3.09],[122.16,-3.04],[122.31,-3.17],[122.31,-3.27],[122.43,-3.27],[122.47,-3.15],[122.25,-3.02],[122.31,-2.91],[122.01,-2.72],[121.94,-2.48],[121.72,-2.2],[121.49,-2.18],[121.44,-2.41]]]]},"properties":{"KDPPUM":"72","KDPKAB":"72.06","WADMKK":"Morowali","ID_KAB":7203}},{"type":"Feature","geometry":{"type":"MultiPolygon","coordinates":[[[[120.62,-1.29],[120.62,-1.29],[120.62,-1.29],[120.62,-1.29]]],[[[120.58,-1.11],[120.18,-1.27],[120.29,-1.38],[120.06,-1.53],[120.18,-1.77],[120.09,-1.82],[120.09,-1.97],[120.35,-2.05],[120.4,-1.88],[120.71,-2.21],[120.84,-2.22],[120.82,-2.06],[120.93,-1.91],[120.84,-1.75],[120.93,-1.61],[120.89,-1.41],[120.81,-1.35],[120.68,-1.41],[120.57,-1.26],[120.58,-1.11]]]]},"properties":{"KDPPUM":"72","KDPKAB":"72.02","WADMKK":"Poso","ID_KAB":7204}},{"type":"Feature","geometry":{"type":"MultiPolygon","coordinates":[[[[119.76,-0.7],[119.76,-0.7],[119.76,-0.7],[119.76,-0.7]]],[[[119.76,-0.7],[119.76,-0.7],[119.76,-0.7],[119.76,-0.7]]],[[[119.73,-0.64],[119.56,-0.85],[119.61,-1.14],[119.43,-1.34],[119.51,-1.45],[119.83,-1.39],[119.76,-1.18],[119.8,-1.09],[119.76,-1.0],[119.65,-0.99],[119.81,-0.8],[119.73,-0.64]]],[[[119.8,-0.06],[119.8,-0.06],[119.8,-0.06],[119.8,-0.06]]],[[[119.8,-0.06],[119.8,-0.06],[119.8,-0.06],[119.8,-0.06]]],[[[119.8,-0.05],[119.8,-0.05],[119.8,-0.06],[119.8,-0.05]]],[[[119.8,-0.05],[119.81,-0.05],[119.8,-0.05],[119.8,-0.05]]],[[[119.8,-0.04],[119.79,-0.04],[119.8,-0.05],[119.8,-0.04]]],[[[119.79,-0.02],[119.78,-0.01],[119.78,-0.02],[119.79,-0.02]]],[[[119.62,0.09],[119.62,0.09],[119.62,0.09],[119.62,0.09]]],[[[119.62,0.1],[119.62,0.09],[119.62,0.09],[119.62,0.1]]],[[[119.9,0.49],[119.89,0.49],[119.9,0.48],[119.9,0.49]]],[[[119.86,0.53],[119.85,0.51],[119.88,0.52],[119.86,0.53]]],[[[119.79,0.58],[119.79,0.57],[119.8,0.57],[119.79,0.58]]],[[[120.06,0.74],[120.06,0.74],[120.06,0.74],[120.06,0.74]]],[[[120.08,0.75],[120.08,0.75],[120.07,0.75],[120.08,0.75]]],[[[120.08,0.75],[120.08,0.75],[120.08,0.75],[120.08,0.75]]],[[[120.08,0.75],[120.08,0.75],[120.08,0.75],[120.08,0.75]]],[[[120.1,0.75],[120.02,0.67],[120.05,0.51],[119.88,0.45],[119.9,0.22],[119.77,0.21],[119.88,0.08],[119.84,-0.1],[119.6,-0.01],[119.7,-0.14],[119.81,-0.14],[119.76,-0.5],[119.82,-0.69],[119.92,-0.65],[119.87,-0.77],[119.97,-0.81],[120.03,-0.68],[119.94,-0.5],[119.9,-0.14],[120.2,0.57],[120.2,0.7],[120.1,0.75]]]]},"properties":{"KDPPUM":"72","KDPKAB":"72.03","WADMKK":"Donggala","ID_KAB":7205}},{"type":"Feature","geometry":{"type":"MultiPolygon","coordinates":[[[[120.58,0.76],[120.57,0.76],[120.57,0.76],[120.58,0.76]]],[[[120.59,0.76],[120.59,0.76],[120.58,0.76],[120.59,0.76]]],[[[120.59,0.76],[120.59,0.76],[120.59,0.76],[120.59,0.76]]],[[[120.57,0.76],[120.57,0.76],[120.57,0.76],[120.57,0.76]]],[[[120.56,0.76],[120.56,0.76],[120.56,0.76],[120.56,0.76]]],[[[120.58,0.77],[120.58,0.76],[120.58,0.76],[120.58,0.77]]],[[[120.57,0.76],[120.57,0.77],[120.57,0.76],[120.57,0.76]]],[[[120.57,0.77],[120.57,0.77],[120.57,0.77],[120.57,0.77]]],[[[120.67,0.96],[120.67,0.96],[120.67,0.96],[120.67,0.96]]],[[[120.72,0.97],[120.72,0.97],[120.72,0.97],[120.72,0.97]]],[[[120.24,0.97],[120.24,0.97],[120.24,0.97],[120.24,0.97]]],[[[120.71,0.98],[120.71,0.98],[120.71,0.98],[120.71,0.98]]],[[[120.71,0.98],[120.71,0.98],[120.71,0.98],[120.71,0.98]]],[[[120.71,0.98],[120.71,0.98],[120.71,0.98],[120.71,0.98]]],[[[120.72,0.98],[120.72,0.98],[120.72,0.98],[120.72,0.98]]],[[[120.72,0.98],[120.72,0.98],[120.72,0.98],[120.72,0.98]]],[[[120.73,0.99],[120.73,0.99],[120.73,0.99],[120.73,0.99]]],[[[120.25,0.99],[120.23,0.97],[120.24,0.98],[120.25,0.99]]],[[[120.73,0.99],[120.73,0.99],[120.73,0.99],[120.73,0.99]]],[[[120.73,0.99],[120.73,0.99],[120.73,0.99],[120.73,0.99]]],[[[120.69,0.99],[120.69,0.99],[120.69,0.98],[120.69,0.99]]],[[[120.74,0.99],[120.74,0.99],[120.74,0.99],[120.74,0.99]]],[[[120.38,1.0],[120.38,1.0],[120.37,1.0],[120.38,1.0]]],[[[120.73,1.0],[120.7,0.99],[120.72,0.99],[120.73,1.0]]],[[[120.64,1.04],[120.64,1.04],[120.64,1.04],[120.64,1.04]]],[[[120.77,1.04],[120.78,1.04],[120.77,1.05],[120.77,1.04]]],[[[120.62,1.05],[120.62,1.05],[120.62,1.05],[120.62,1.05]]],[[[120.67,1.05],[120.66,1.05],[120.67,1.05],[120.67,1.05]]],[[[120.61,1.05],[120.61,1.05],[120.61,1.05],[120.61,1.05]]],[[[120.61,1.06],[120.61,1.06],[120.61,1.06],[120.61,1.06]]],[[[120.61,1.07],[120.6,1.05],[120.67,1.01],[120.61,1.07]]],[[[120.61,1.07],[120.61,1.07],[120.61,1.07],[120.61,1.07]]],[[[120.62,1.07],[120.61,1.07],[120.61,1.07],[120.62,1.07]]],[[[120.62,1.07],[120.62,1.07],[120.62,1.07],[120.62,1.07]]],[[[120.66,1.08],[120.66,1.08],[120.66,1.08],[120.66,1.08]]],[[[120.39,1.08],[120.37,1.03],[120.39,1.01],[120.39,1.08]]],[[[120.67,1.08],[120.67,1.08],[120.67,1.07],[120.67,1.08]]],[[[120.67,1.08],[120.67,1.08],[120.66,1.08],[120.67,1.08]]],[[[120.69,1.08],[120.69,1.08],[120.69,1.08],[120.69,1.08]]],[[[120.79,1.17],[120.78,1.17],[120.79,1.17],[120.79,1.17]]],[[[120.8,1.28],[120.8,1.28],[120.81,1.28],[120.8,1.28]]],[[[121.06,1.32],[121.06,1.32],[121.06,1.32],[121.06,1.32]]],[[[120.8,1.34],[120.8,1.34],[120.8,1.34],[120.8,1.34]]],[[[120.79,1.34],[120.79,1.34],[120.79,1.34],[120.79,1.34]]],[[[120.91,1.35],[120.81,1.33],[120.81,1.03],[120.64,0.94],[120.59,0.75],[120.33,0.85],[120.35,0.98],[120.25,0.96],[120.24,0.81],[120.14,0.75],[120.19,0.62],[120.36,0.68],[120.63,0.59],[120.99,0.8],[121.01,1.03],[121.18,1.26],[120.91,1.35]]],[[[120.89,1.36],[120.89,1.37],[120.88,1.36],[120.89,1.36]]]]},"properties":{"KDPPUM":"72","KDPKAB":"72.04","WADMKK":"Toli Toli","ID_KAB":7206}},{"type":"Feature","geometry":{"type":"MultiPolygon","coordinates":[[[[121.71,1.05],[121.71,1.05],[121.71,1.05],[121.71,1.05]]],[[[121.72,1.04],[121.72,1.04],[121.72,1.05],[121.72,1.04]]],[[[121.72,1.05],[121.71,1.05],[121.71,1.05],[121.72,1.05]]],[[[121.96,1.05],[121.96,1.05],[121.96,1.05],[121.96,1.05]]],[[[122.13,1.05],[122.12,1.05],[122.13,1.05],[122.13,1.05]]],[[[122.14,1.06],[122.14,1.06],[122.14,1.06],[122.14,1.06]]],[[[121.98,1.06],[121.98,1.06],[121.98,1.06],[121.98,1.06]]],[[[122.15,1.06],[122.15,1.06],[122.14,1.06],[122.15,1.06]]],[[[121.96,1.06],[121.96,1.06],[121.96,1.06],[121.96,1.06]]],[[[122.11,1.06],[122.11,1.06],[122.11,1.06],[122.11,1.06]]],[[[121.98,1.07],[121.98,1.07],[121.98,1.07],[121.98,1.07]]],[[[121.97,1.07],[121.96,1.05],[121.98,1.06],[121.97,1.07]]],[[[122.09,1.07],[122.09,1.07],[122.09,1.07],[122.09,1.07]]],[[[121.97,1.07],[121.97,1.07],[121.97,1.07],[121.97,1.07]]],[[[121.81,1.09],[121.81,1.1],[121.81,1.1],[121.81,1.09]]],[[[121.84,1.12],[121.84,1.13],[121.83,1.12],[121.84,1.12]]],[[[121.37,1.27],[121.36,1.27],[121.36,1.27],[121.37,1.27]]],[[[121.44,1.31],[121.27,1.23],[121.18,1.27],[121.01,1.03],[121.0,0.81],[120.88,0.7],[121.17,0.68],[121.35,0.85],[121.49,0.84],[121.85,0.99],[121.98,0.9],[122.2,1.04],[121.98,1.02],[121.93,1.1],[121.55,1.06],[121.42,1.19],[121.44,1.31]]]]},"properties":{"KDPPUM":"72","KDPKAB":"72.05","WADMKK":"Buol","ID_KAB":7207}},{"type":"Feature","geometry":{"type":"MultiPolygon","coordinates":[[[[120.54,-1.06],[120.54,-1.06],[120.54,-1.06],[120.54,-1.06]]],[[[120.54,-1.06],[120.54,-1.06],[120.54,-1.06],[120.54,-1.06]]],[[[120.54,-1.06],[120.54,-1.06],[120.54,-1.06],[120.54,-1.06]]],[[[120.46,-0.98],[120.46,-0.99],[120.46,-0.99],[120.46,-0.98]]],[[[120.33,-0.96],[120.33,-0.95],[120.33,-0.95],[120.33,-0.96]]],[[[120.36,-0.91],[120.36,-0.9],[120.36,-0.9],[120.36,-0.91]]],[[[120.43,-0.9],[120.42,-0.9],[120.43,-0.9],[120.43,-0.9]]],[[[120.36,-0.89],[120.36,-0.89],[120.36,-0.89],[120.36,-0.89]]],[[[120.39,-0.88],[120.39,-0.88],[120.39,-0.88],[120.39,-0.88]]],[[[120.39,-0.88],[120.39,-0.88],[120.39,-0.88],[120.39,-0.88]]],[[[120.41,-0.88],[120.4,-0.88],[120.41,-0.88],[120.41,-0.88]]],[[[120.22,-0.81],[120.22,-0.82],[120.22,-0.82],[120.22,-0.81]]],[[[120.08,-0.47],[120.08,-0.47],[120.08,-0.47],[120.08,-0.47]]],[[[120.08,-0.47],[120.08,-0.47],[120.08,-0.47],[120.08,-0.47]]],[[[120.09,-0.46],[120.09,-0.46],[120.09,-0.46],[120.09,-0.46]]],[[[120.09,-0.46],[120.09,-0.46],[120.09,-0.46],[120.09,-0.46]]],[[[120.09,-0.46],[120.09,-0.46],[120.09,-0.46],[120.09,-0.46]]],[[[120.1,-0.46],[120.09,-0.46],[120.09,-0.46],[120.1,-0.46]]],[[[120.09,-0.46],[120.08,-0.46],[120.09,-0.46],[120.09,-0.46]]],[[[120.08,-0.45],[120.07,-0.45],[120.07,-0.45],[120.08,-0.45]]],[[[120.09,-0.45],[120.09,-0.45],[120.09,-0.45],[120.09,-0.45]]],[[[120.09,-0.44],[120.09,-0.44],[120.09,-0.44],[120.09,-0.44]]],[[[120.07,-0.43],[120.07,-0.43],[120.07,-0.43],[120.07,-0.43]]],[[[120.07,-0.43],[120.07,-0.43],[120.07,-0.43],[120.07,-0.43]]],[[[120.07,-0.42],[120.07,-0.42],[120.07,-0.42],[120.07,-0.42]]],[[[120.07,-0.41],[120.07,-0.41],[120.06,-0.41],[120.07,-0.41]],[[120.06,-0.41],[120.06,-0.4],[120.06,-0.41],[120.06,-0.41]]],[[[120.04,-0.37],[120.04,-0.37],[120.04,-0.38],[120.04,-0.37]]],[[[120.76,0.36],[120.75,0.36],[120.76,0.36],[120.76,0.36]]],[[[120.7,0.37],[120.7,0.37],[120.71,0.37],[120.7,0.37]]],[[[120.81,0.37],[120.81,0.37],[120.81,0.36],[120.81,0.37]]],[[[120.66,0.37],[120.66,0.37],[120.65,0.37],[120.66,0.37]]],[[[120.69,0.36],[120.68,0.37],[120.68,0.37],[120.69,0.36]]],[[[120.71,0.37],[120.71,0.38],[120.7,0.38],[120.71,0.37]]],[[[120.63,0.38],[120.63,0.38],[120.63,0.38],[120.63,0.38]]],[[[120.52,0.38],[120.52,0.39],[120.52,0.38],[120.52,0.38]]],[[[120.53,0.39],[120.53,0.39],[120.53,0.39],[120.53,0.39]]],[[[120.53,0.39],[120.53,0.39],[120.53,0.39],[120.53,0.39]]],[[[120.54,0.39],[120.54,0.39],[120.54,0.39],[120.54,0.39]]],[[[120.62,0.4],[120.61,0.4],[120.61,0.4],[120.62,0.4]]],[[[120.56,0.41],[120.56,0.41],[120.56,0.41],[120.56,0.41]]],[[[120.56,0.41],[120.56,0.41],[120.56,0.41],[120.56,0.41]]],[[[120.84,0.41],[120.84,0.41],[120.84,0.41],[120.84,0.41]]],[[[120.96,0.41],[120.96,0.42],[120.96,0.41],[120.96,0.41]]],[[[120.99,0.43],[120.99,0.43],[120.99,0.43],[120.99,0.43]]],[[[121.16,0.43],[121.16,0.43],[121.16,0.43],[121.16,0.43]]],[[[120.79,0.46],[120.79,0.46],[120.79,0.46],[120.79,0.46]]],[[[120.71,0.46],[120.71,0.46],[120.71,0.46],[120.71,0.46]]],[[[120.71,0.46],[120.71,0.47],[120.7,0.47],[120.71,0.46]]],[[[120.63,0.5],[120.63,0.5],[120.63,0.5],[120.63,0.5]]],[[[121.02,0.71],[120.71,0.67],[120.62,0.59],[120.36,0.68],[120.19,0.62],[120.06,0.34],[120.09,0.2],[119.95,0.06],[119.91,-0.37],[120.05,-0.97],[120.35,-1.19],[120.58,-1.1],[120.41,-0.92],[120.31,-0.97],[120.08,-0.69],[120.03,-0.07],[120.16,0.23],[120.4,0.47],[120.65,0.52],[120.9,0.4],[121.08,0.4],[121.35,0.49],[121.23,0.65],[121.02,0.71]]]]},"properties":{"KDPPUM":"72","KDPKAB":"72.08","WADMKK":"Parigi Moutong","ID_KAB":7208}},{"type":"Feature","geometry":{"type":"MultiPolygon","coordinates":[[[[121.5,-0.89],[121.5,-0.89],[121.5,-0.89],[121.5,-0.89]]],[[[121.67,-0.89],[121.67,-0.88],[121.66,-0.89],[121.67,-0.89]]],[[[121.67,-0.88],[121.67,-0.88],[121.67,-0.88],[121.67,-0.88]]],[[[121.67,-0.87],[121.67,-0.87],[121.67,-0.87],[121.67,-0.87]]],[[[121.67,-0.87],[121.67,-0.87],[121.67,-0.87],[121.67,-0.87]]],[[[121.67,-0.87],[121.67,-0.87],[121.67,-0.87],[121.67,-0.87]]],[[[121.66,-0.8],[121.34,-1.07],[121.11,-1.43],[120.89,-1.41],[120.93,-1.65],[121.2,-1.57],[121.49,-1.33],[121.7,-1.42],[121.86,-1.27],[121.98,-1.39],[122.14,-1.34],[122.16,-1.28],[121.88,-1.07],[121.86,-0.97],[121.66,-0.91],[121.66,-0.8]]],[[[121.77,-0.74],[121.76,-0.74],[121.77,-0.76],[121.77,-0.74]]],[[[121.63,-0.59],[121.63,-0.58],[121.62,-0.59],[121.63,-0.59]]],[[[121.67,-0.58],[121.67,-0.58],[121.67,-0.58],[121.67,-0.58]]],[[[121.67,-0.58],[121.66,-0.58],[121.68,-0.59],[121.67,-0.58]]],[[[121.66,-0.57],[121.66,-0.57],[121.66,-0.57],[121.66,-0.57]]],[[[121.65,-0.54],[121.65,-0.54],[121.65,-0.54],[121.65,-0.54]]],[[[121.66,-0.54],[121.66,-0.54],[121.66,-0.54],[121.66,-0.54]]],[[[121.64,-0.54],[121.64,-0.54],[121.65,-0.54],[121.64,-0.54]]],[[[121.66,-0.53],[121.66,-0.53],[121.66,-0.53],[121.66,-0.53]]],[[[121.65,-0.53],[121.65,-0.53],[121.65,-0.53],[121.65,-0.53]]],[[[121.66,-0.53],[121.66,-0.53],[121.66,-0.53],[121.66,-0.53]]],[[[121.66,-0.53],[121.66,-0.53],[121.66,-0.53],[121.66,-0.53]]],[[[121.9,-0.53],[121.9,-0.53],[121.9,-0.53],[121.9,-0.53]]],[[[121.67,-0.53],[121.67,-0.53],[121.67,-0.53],[121.67,-0.53]]],[[[121.67,-0.52],[121.67,-0.52],[121.67,-0.52],[121.67,-0.52]]],[[[121.67,-0.52],[121.67,-0.52],[121.67,-0.52],[121.67,-0.52]]],[[[121.67,-0.52],[121.67,-0.52],[121.67,-0.52],[121.67,-0.52]]],[[[121.67,-0.52],[121.67,-0.52],[121.67,-0.52],[121.67,-0.52]]],[[[121.92,-0.52],[121.92,-0.52],[121.92,-0.52],[121.92,-0.52]]],[[[121.67,-0.52],[121.67,-0.52],[121.67,-0.52],[121.67,-0.52]]],[[[121.92,-0.52],[121.92,-0.52],[121.92,-0.52],[121.92,-0.52]]],[[[121.87,-0.51],[121.87,-0.51],[121.87,-0.51],[121.87,-0.51]]],[[[121.87,-0.52],[121.87,-0.51],[121.86,-0.52],[121.87,-0.52]]],[[[121.75,-0.51],[121.75,-0.51],[121.75,-0.51],[121.75,-0.51]]],[[[121.75,-0.51],[121.75,-0.51],[121.75,-0.51],[121.75,-0.51]]],[[[121.76,-0.51],[121.76,-0.51],[121.76,-0.51],[121.76,-0.51]]],[[[121.77,-0.51],[121.77,-0.51],[121.77,-0.51],[121.77,-0.51]]],[[[121.75,-0.51],[121.76,-0.51],[121.75,-0.51],[121.75,-0.51]]],[[[121.76,-0.51],[121.76,-0.51],[121.76,-0.51],[121.76,-0.51]]],[[[121.73,-0.51],[121.74,-0.51],[121.73,-0.51],[121.73,-0.51]]],[[[121.76,-0.51],[121.76,-0.51],[121.76,-0.51],[121.76,-0.51]]],[[[121.74,-0.51],[121.74,-0.51],[121.74,-0.51],[121.74,-0.51]]],[[[121.74,-0.51],[121.74,-0.51],[121.74,-0.51],[121.74,-0.51]]],[[[121.74,-0.51],[121.74,-0.5],[121.74,-0.5],[121.74,-0.51]]],[[[121.76,-0.51],[121.76,-0.5],[121.76,-0.5],[121.76,-0.51]]],[[[121.76,-0.5],[121.76,-0.5],[121.76,-0.5],[121.76,-0.5]]],[[[121.74,-0.5],[121.74,-0.5],[121.73,-0.5],[121.74,-0.5]]],[[[121.74,-0.5],[121.74,-0.5],[121.74,-0.5],[121.74,-0.5]]],[[[121.74,-0.5],[121.74,-0.5],[121.74,-0.5],[121.74,-0.5]]],[[[121.85,-0.5],[121.85,-0.5],[121.85,-0.5],[121.85,-0.5]]],[[[121.77,-0.5],[121.76,-0.5],[121.77,-0.5],[121.77,-0.5]]],[[[121.74,-0.5],[121.74,-0.5],[121.74,-0.5],[121.74,-0.5]]],[[[121.84,-0.5],[121.84,-0.5],[121.84,-0.5],[121.84,-0.5]]],[[[121.74,-0.5],[121.74,-0.5],[121.74,-0.5],[121.74,-0.5]]],[[[121.74,-0.5],[121.74,-0.5],[121.74,-0.5],[121.74,-0.5]]],[[[121.74,-0.5],[121.74,-0.5],[121.74,-0.5],[121.74,-0.5]]],[[[121.74,-0.5],[121.74,-0.5],[121.74,-0.5],[121.74,-0.5]]],[[[121.74,-0.5],[121.74,-0.5],[121.74,-0.5],[121.74,-0.5]]],[[[121.74,-0.5],[121.74,-0.5],[121.74,-0.5],[121.74,-0.5]]],[[[121.92,-0.49],[121.92,-0.49],[121.92,-0.49],[121.92,-0.49]]],[[[121.69,-0.49],[121.69,-0.49],[121.69,-0.49],[121.69,-0.49]]],[[[121.69,-0.49],[121.69,-0.49],[121.69,-0.49],[121.69,-0.49]]],[[[121.69,-0.49],[121.69,-0.49],[121.69,-0.49],[121.69,-0.49]]],[[[121.69,-0.49],[121.69,-0.49],[121.69,-0.49],[121.69,-0.49]]],[[[121.68,-0.48],[121.68,-0.48],[121.67,-0.48],[121.68,-0.48]]],[[[121.68,-0.48],[121.68,-0.48],[121.68,-0.48],[121.68,-0.48]]],[[[121.69,-0.48],[121.69,-0.48],[121.69,-0.48],[121.69,-0.48]]],[[[121.68,-0.48],[121.68,-0.48],[121.68,-0.48],[121.68,-0.48]]],[[[121.69,-0.48],[121.69,-0.48],[121.69,-0.48],[121.69,-0.48]]],[[[121.69,-0.48],[121.69,-0.48],[121.69,-0.48],[121.69,-0.48]]],[[[121.7,-0.48],[121.7,-0.48],[121.7,-0.48],[121.7,-0.48]]],[[[121.69,-0.48],[121.69,-0.48],[121.69,-0.48],[121.69,-0.48]]],[[[121.69,-0.48],[121.69,-0.48],[121.69,-0.48],[121.69,-0.48]]],[[[121.7,-0.48],[121.7,-0.48],[121.7,-0.48],[121.7,-0.48]]],[[[121.69,-0.48],[121.69,-0.48],[121.69,-0.48],[121.69,-0.48]]],[[[121.69,-0.48],[121.69,-0.48],[121.69,-0.48],[121.69,-0.48]]],[[[121.69,-0.48],[121.69,-0.47],[121.69,-0.47],[121.69,-0.48]]],[[[121.69,-0.48],[121.69,-0.47],[121.69,-0.47],[121.69,-0.48]]],[[[121.7,-0.48],[121.7,-0.47],[121.69,-0.47],[121.7,-0.48]]],[[[122.16,-0.48],[122.16,-0.47],[122.16,-0.47],[122.16,-0.48]]],[[[121.72,-0.47],[121.72,-0.47],[121.72,-0.47],[121.72,-0.47]]],[[[121.69,-0.47],[121.69,-0.47],[121.69,-0.47],[121.69,-0.47]]],[[[121.68,-0.48],[121.68,-0.47],[121.68,-0.48],[121.68,-0.48]]],[[[121.92,-0.47],[121.92,-0.47],[121.92,-0.47],[121.92,-0.47]]],[[[121.93,-0.47],[121.93,-0.47],[121.93,-0.47],[121.93,-0.47]]],[[[121.7,-0.47],[121.69,-0.47],[121.69,-0.47],[121.7,-0.47]]],[[[121.69,-0.47],[121.69,-0.47],[121.69,-0.47],[121.69,-0.47]]],[[[121.72,-0.47],[121.72,-0.47],[121.72,-0.47],[121.72,-0.47]]],[[[121.69,-0.47],[121.69,-0.47],[121.69,-0.47],[121.69,-0.47]]],[[[121.69,-0.47],[121.69,-0.47],[121.69,-0.47],[121.69,-0.47]]],[[[121.7,-0.47],[121.69,-0.47],[121.7,-0.47],[121.7,-0.47]]],[[[121.7,-0.47],[121.7,-0.47],[121.7,-0.47],[121.7,-0.47]]],[[[121.7,-0.47],[121.7,-0.47],[121.7,-0.47],[121.7,-0.47]]],[[[121.7,-0.47],[121.7,-0.47],[121.7,-0.47],[121.7,-0.47]]],[[[121.69,-0.47],[121.69,-0.47],[121.69,-0.47],[121.69,-0.47]]],[[[121.72,-0.47],[121.72,-0.47],[121.72,-0.47],[121.72,-0.47]]],[[[121.7,-0.47],[121.7,-0.47],[121.7,-0.47],[121.7,-0.47]]],[[[121.71,-0.47],[121.71,-0.47],[121.71,-0.47],[121.71,-0.47]]],[[[121.68,-0.47],[121.69,-0.47],[121.69,-0.47],[121.68,-0.47]]],[[[121.69,-0.47],[121.69,-0.47],[121.69,-0.47],[121.69,-0.47]]],[[[121.72,-0.47],[121.73,-0.46],[121.72,-0.47],[121.72,-0.47]]],[[[121.7,-0.46],[121.7,-0.47],[121.7,-0.47],[121.7,-0.46]]],[[[121.92,-0.46],[121.92,-0.46],[121.92,-0.46],[121.92,-0.46]]],[[[121.72,-0.46],[121.72,-0.46],[121.72,-0.47],[121.72,-0.46]]],[[[121.73,-0.46],[121.73,-0.46],[121.73,-0.46],[121.73,-0.46]]],[[[121.73,-0.46],[121.73,-0.46],[121.73,-0.46],[121.73,-0.46]]],[[[121.72,-0.46],[121.72,-0.46],[121.72,-0.46],[121.72,-0.46]]],[[[121.77,-0.46],[121.77,-0.46],[121.77,-0.46],[121.77,-0.46]]],[[[121.76,-0.46],[121.76,-0.46],[121.77,-0.46],[121.76,-0.46]]],[[[121.72,-0.46],[121.72,-0.46],[121.72,-0.46],[121.72,-0.46]]],[[[121.76,-0.46],[121.76,-0.46],[121.76,-0.46],[121.76,-0.46]]],[[[121.76,-0.46],[121.76,-0.46],[121.76,-0.46],[121.76,-0.46]]],[[[121.73,-0.46],[121.73,-0.45],[121.72,-0.46],[121.73,-0.46]]],[[[121.92,-0.46],[121.92,-0.46],[121.92,-0.45],[121.92,-0.46]]],[[[121.75,-0.45],[121.75,-0.45],[121.75,-0.45],[121.75,-0.45]]],[[[122.1,-0.45],[122.1,-0.45],[122.1,-0.45],[122.1,-0.45]]],[[[122.1,-0.44],[122.1,-0.44],[122.1,-0.44],[122.1,-0.44]]],[[[122.07,-0.44],[122.07,-0.44],[122.07,-0.44],[122.07,-0.44]]],[[[121.76,-0.45],[121.76,-0.44],[121.76,-0.44],[121.76,-0.45]]],[[[121.76,-0.44],[121.76,-0.44],[121.76,-0.44],[121.76,-0.44]]],[[[122.1,-0.44],[122.1,-0.44],[122.1,-0.44],[122.1,-0.44]]],[[[122.07,-0.44],[122.07,-0.44],[122.07,-0.44],[122.07,-0.44]]],[[[122.07,-0.44],[122.07,-0.44],[122.07,-0.44],[122.07,-0.44]]],[[[122.1,-0.44],[122.1,-0.44],[122.1,-0.44],[122.1,-0.44]]],[[[122.07,-0.44],[122.07,-0.44],[122.07,-0.44],[122.07,-0.44]]],[[[122.1,-0.44],[122.1,-0.44],[122.1,-0.44],[122.1,-0.44]]],[[[122.08,-0.44],[122.08,-0.44],[122.08,-0.44],[122.08,-0.44]]],[[[121.8,-0.44],[121.8,-0.44],[121.79,-0.44],[121.8,-0.44]]],[[[122.07,-0.44],[122.07,-0.44],[122.07,-0.44],[122.07,-0.44]]],[[[121.92,-0.44],[121.92,-0.45],[121.92,-0.45],[121.92,-0.44]]],[[[122.1,-0.44],[122.1,-0.44],[122.11,-0.44],[122.1,-0.44]]],[[[122.08,-0.44],[122.08,-0.44],[122.08,-0.44],[122.08,-0.44]]],[[[122.07,-0.44],[122.07,-0.44],[122.07,-0.44],[122.07,-0.44]]],[[[122.1,-0.44],[122.1,-0.44],[122.1,-0.44],[122.1,-0.44]]],[[[122.07,-0.44],[122.07,-0.44],[122.07,-0.44],[122.07,-0.44]]],[[[122.1,-0.44],[122.1,-0.44],[122.1,-0.44],[122.1,-0.44]]],[[[121.93,-0.44],[121.92,-0.44],[121.92,-0.45],[121.93,-0.44]]],[[[121.79,-0.44],[121.79,-0.44],[121.79,-0.44],[121.79,-0.44]]],[[[122.07,-0.44],[122.07,-0.44],[122.07,-0.44],[122.07,-0.44]]],[[[121.79,-0.44],[121.79,-0.44],[121.79,-0.44],[121.79,-0.44]]],[[[122.09,-0.44],[122.09,-0.44],[122.1,-0.44],[122.09,-0.44]]],[[[122.1,-0.44],[122.1,-0.44],[122.1,-0.44],[122.1,-0.44]]],[[[122.08,-0.44],[122.07,-0.44],[122.08,-0.44],[122.08,-0.44]]],[[[122.08,-0.44],[122.08,-0.44],[122.08,-0.44],[122.08,-0.44]]],[[[122.07,-0.44],[122.07,-0.44],[122.07,-0.44],[122.07,-0.44]]],[[[122.08,-0.44],[122.08,-0.44],[122.08,-0.44],[122.08,-0.44]]],[[[121.79,-0.44],[121.79,-0.44],[121.79,-0.44],[121.79,-0.44]]],[[[121.78,-0.44],[121.78,-0.44],[121.78,-0.44],[121.78,-0.44]]],[[[121.78,-0.44],[121.78,-0.44],[121.78,-0.44],[121.78,-0.44]]],[[[121.79,-0.44],[121.79,-0.44],[121.79,-0.44],[121.79,-0.44]]],[[[122.08,-0.44],[122.08,-0.44],[122.08,-0.44],[122.08,-0.44]]],[[[122.07,-0.44],[122.07,-0.44],[122.07,-0.44],[122.07,-0.44]]],[[[122.08,-0.44],[122.08,-0.44],[122.08,-0.44],[122.08,-0.44]]],[[[121.79,-0.44],[121.79,-0.44],[121.79,-0.44],[121.79,-0.44]]],[[[122.07,-0.44],[122.07,-0.43],[122.07,-0.44],[122.07,-0.44]]],[[[121.94,-0.44],[121.94,-0.43],[121.94,-0.43],[121.94,-0.44]]],[[[122.08,-0.43],[122.08,-0.43],[122.08,-0.43],[122.08,-0.43]]],[[[122.08,-0.44],[122.08,-0.43],[122.08,-0.43],[122.08,-0.44]]],[[[121.78,-0.44],[121.78,-0.43],[121.78,-0.43],[121.78,-0.44]]],[[[122.07,-0.44],[122.07,-0.43],[122.07,-0.43],[122.07,-0.44]],[[122.06,-0.43],[122.06,-0.43],[122.06,-0.43],[122.06,-0.43]]],[[[122.08,-0.44],[122.08,-0.43],[122.08,-0.43],[122.08,-0.44]]],[[[121.79,-0.43],[121.79,-0.43],[121.79,-0.43],[121.79,-0.43]],[[122.1,-0.43],[122.1,-0.43],[122.1,-0.44],[122.1,-0.43]]],[[[121.79,-0.44],[121.79,-0.43],[121.79,-0.44],[121.79,-0.44]]],[[[122.11,-0.44],[122.11,-0.43],[122.11,-0.44],[122.11,-0.44]]],[[[122.08,-0.43],[122.08,-0.43],[122.08,-0.43],[122.08,-0.43]]],[[[121.94,-0.43],[121.94,-0.43],[121.94,-0.43],[121.94,-0.43]]],[[[122.11,-0.43],[122.11,-0.43],[122.11,-0.43],[122.11,-0.43]]],[[[121.94,-0.43],[121.94,-0.44],[121.94,-0.44],[121.94,-0.43]]],[[[122.06,-0.43],[122.06,-0.43],[122.06,-0.43],[122.06,-0.43]]],[[[122.1,-0.43],[122.1,-0.43],[122.1,-0.43],[122.1,-0.43]]],[[[122.07,-0.43],[122.07,-0.43],[122.07,-0.43],[122.07,-0.43]]],[[[122.09,-0.43],[122.08,-0.43],[122.09,-0.43],[122.09,-0.43]]],[[[122.06,-0.43],[122.06,-0.43],[122.06,-0.43],[122.06,-0.43]]],[[[122.08,-0.43],[122.08,-0.43],[122.08,-0.43],[122.08,-0.43]]],[[[121.78,-0.43],[121.78,-0.43],[121.78,-0.43],[121.78,-0.43]]],[[[122.12,-0.43],[122.12,-0.43],[122.11,-0.43],[122.12,-0.43]]],[[[122.07,-0.43],[122.07,-0.43],[122.07,-0.43],[122.07,-0.43]]],[[[122.06,-0.43],[122.06,-0.43],[122.06,-0.43],[122.06,-0.43]]],[[[122.06,-0.43],[122.06,-0.43],[122.06,-0.43],[122.06,-0.43]]],[[[122.08,-0.43],[122.08,-0.43],[122.08,-0.43],[122.08,-0.43]]],[[[122.11,-0.43],[122.11,-0.43],[122.11,-0.43],[122.11,-0.43]]],[[[122.08,-0.43],[122.08,-0.43],[122.08,-0.43],[122.08,-0.43]]],[[[122.02,-0.43],[122.02,-0.44],[122.02,-0.44],[122.02,-0.43]]],[[[122.06,-0.43],[122.06,-0.43],[122.06,-0.43],[122.06,-0.43]]],[[[121.8,-0.43],[121.8,-0.43],[121.8,-0.43],[121.8,-0.43]]],[[[122.12,-0.43],[122.12,-0.43],[122.12,-0.43],[122.12,-0.43]]],[[[122.12,-0.43],[122.12,-0.43],[122.12,-0.43],[122.12,-0.43]]],[[[122.07,-0.43],[122.07,-0.43],[122.07,-0.43],[122.07,-0.43]]],[[[122.11,-0.43],[122.11,-0.43],[122.11,-0.43],[122.11,-0.43]]],[[[122.12,-0.43],[122.12,-0.43],[122.12,-0.43],[122.12,-0.43]]],[[[122.07,-0.43],[122.07,-0.43],[122.07,-0.44],[122.07,-0.43]]],[[[122.07,-0.43],[122.07,-0.43],[122.07,-0.43],[122.07,-0.43]]],[[[122.12,-0.43],[122.12,-0.43],[122.12,-0.43],[122.12,-0.43]]],[[[122.07,-0.43],[122.07,-0.43],[122.07,-0.43],[122.07,-0.43]]],[[[121.98,-0.43],[121.98,-0.43],[121.98,-0.43],[121.98,-0.43]]],[[[122.12,-0.43],[122.12,-0.43],[122.12,-0.43],[122.12,-0.43]]],[[[122.06,-0.43],[122.06,-0.43],[122.06,-0.43],[122.06,-0.43]]],[[[121.81,-0.43],[121.81,-0.43],[121.81,-0.43],[121.81,-0.43]]],[[[121.97,-0.43],[121.97,-0.43],[121.97,-0.43],[121.97,-0.43]]],[[[121.8,-0.43],[121.8,-0.43],[121.8,-0.43],[121.8,-0.43]]],[[[122.06,-0.43],[122.06,-0.42],[122.06,-0.43],[122.06,-0.43]]],[[[122.08,-0.43],[122.08,-0.42],[122.08,-0.43],[122.08,-0.43]]],[[[122.13,-0.43],[122.13,-0.42],[122.13,-0.43],[122.13,-0.43]]],[[[122.11,-0.42],[122.1,-0.43],[122.11,-0.43],[122.11,-0.42]]],[[[121.8,-0.42],[121.8,-0.42],[121.8,-0.42],[121.8,-0.42]]],[[[122.07,-0.42],[122.07,-0.42],[122.07,-0.43],[122.07,-0.42]]],[[[122.03,-0.42],[122.03,-0.43],[122.03,-0.43],[122.03,-0.42]]],[[[122.12,-0.43],[122.12,-0.42],[122.12,-0.42],[122.12,-0.43]]],[[[122.07,-0.42],[122.07,-0.42],[122.07,-0.43],[122.07,-0.42]]],[[[122.01,-0.42],[122.01,-0.42],[122.02,-0.43],[122.01,-0.42]]],[[[121.77,-0.42],[121.77,-0.42],[121.77,-0.42],[121.77,-0.42]]],[[[121.76,-0.42],[121.76,-0.42],[121.76,-0.42],[121.76,-0.42]]],[[[121.8,-0.42],[121.8,-0.42],[121.8,-0.42],[121.8,-0.42]]],[[[121.8,-0.42],[121.8,-0.42],[121.8,-0.42],[121.8,-0.42]]],[[[121.76,-0.42],[121.76,-0.42],[121.76,-0.42],[121.76,-0.42]]],[[[122.01,-0.42],[122.01,-0.42],[122.01,-0.42],[122.01,-0.42]]],[[[122.08,-0.42],[122.07,-0.43],[122.08,-0.43],[122.08,-0.42]]],[[[121.8,-0.42],[121.8,-0.42],[121.8,-0.42],[121.8,-0.42]]],[[[121.81,-0.42],[121.79,-0.43],[121.8,-0.43],[121.81,-0.42]]],[[[121.83,-0.42],[121.83,-0.42],[121.83,-0.42],[121.83,-0.42]]],[[[121.83,-0.42],[121.83,-0.41],[121.83,-0.42],[121.83,-0.42]]],[[[121.83,-0.42],[121.83,-0.41],[121.83,-0.42],[121.83,-0.42]]],[[[122.15,-0.41],[122.15,-0.41],[122.15,-0.41],[122.15,-0.41]]],[[[121.83,-0.42],[121.83,-0.41],[121.83,-0.42],[121.83,-0.42]]],[[[122.15,-0.41],[122.15,-0.41],[122.15,-0.41],[122.15,-0.41]]],[[[122.15,-0.41],[122.15,-0.41],[122.15,-0.41],[122.15,-0.41]]],[[[121.79,-0.42],[121.8,-0.41],[121.79,-0.41],[121.79,-0.42]]],[[[121.85,-0.41],[121.7,-0.47],[121.66,-0.58],[121.74,-0.49],[121.91,-0.53],[121.85,-0.41]]],[[[121.83,-0.41],[121.83,-0.41],[121.83,-0.41],[121.83,-0.41]]],[[[121.83,-0.41],[121.83,-0.41],[121.83,-0.41],[121.83,-0.41]]],[[[121.83,-0.41],[121.83,-0.41],[121.84,-0.41],[121.83,-0.41]]],[[[121.83,-0.41],[121.83,-0.41],[121.83,-0.4],[121.83,-0.41]]],[[[122.1,-0.4],[122.1,-0.41],[122.1,-0.41],[122.1,-0.4]]],[[[121.83,-0.41],[121.83,-0.4],[121.83,-0.4],[121.83,-0.41]]],[[[122.15,-0.4],[122.15,-0.4],[122.16,-0.4],[122.15,-0.4]]],[[[122.1,-0.4],[122.09,-0.41],[122.1,-0.4],[122.1,-0.4]]],[[[121.83,-0.4],[121.83,-0.4],[121.83,-0.4],[121.83,-0.4]]],[[[122.01,-0.4],[122.01,-0.4],[122.01,-0.4],[122.01,-0.4]]],[[[121.8,-0.4],[121.8,-0.4],[121.8,-0.4],[121.8,-0.4]]],[[[122.08,-0.4],[122.07,-0.4],[122.08,-0.4],[122.08,-0.4]]],[[[122.4,-0.39],[122.4,-0.39],[122.4,-0.39],[122.4,-0.39]]],[[[121.82,-0.39],[121.82,-0.41],[121.83,-0.4],[121.82,-0.39]]],[[[122.4,-0.39],[122.4,-0.39],[122.4,-0.39],[122.4,-0.39]]],[[[122.4,-0.39],[122.4,-0.39],[122.4,-0.39],[122.4,-0.39]]],[[[122.4,-0.39],[122.4,-0.39],[122.4,-0.39],[122.4,-0.39]]],[[[122.4,-0.39],[122.4,-0.39],[122.4,-0.39],[122.4,-0.39]]],[[[122.4,-0.39],[122.4,-0.39],[122.4,-0.39],[122.4,-0.39]]],[[[122.4,-0.39],[122.4,-0.39],[122.39,-0.38],[122.4,-0.39]]],[[[122.39,-0.38],[122.39,-0.38],[122.39,-0.38],[122.39,-0.38]]],[[[122.39,-0.38],[122.39,-0.38],[122.39,-0.38],[122.39,-0.38]]],[[[122.39,-0.38],[122.39,-0.38],[122.39,-0.38],[122.39,-0.38]]],[[[122.06,-0.37],[122.06,-0.37],[122.06,-0.37],[122.06,-0.37]]],[[[121.85,-0.36],[121.86,-0.36],[121.85,-0.36],[121.85,-0.36]]],[[[122.02,-0.36],[122.02,-0.37],[122.02,-0.37],[122.02,-0.36]]],[[[121.85,-0.36],[121.85,-0.36],[121.85,-0.36],[121.85,-0.36]]],[[[121.85,-0.36],[121.85,-0.36],[121.85,-0.36],[121.85,-0.36]]],[[[121.85,-0.35],[121.85,-0.35],[121.85,-0.35],[121.85,-0.35]]],[[[121.86,-0.35],[121.86,-0.35],[121.86,-0.35],[121.86,-0.35]]],[[[121.85,-0.35],[121.85,-0.35],[121.85,-0.35],[121.85,-0.35]]],[[[121.98,-0.35],[121.98,-0.35],[121.98,-0.35],[121.98,-0.35]]],[[[121.86,-0.35],[121.86,-0.35],[121.86,-0.35],[121.86,-0.35]]],[[[121.86,-0.35],[121.86,-0.35],[121.86,-0.35],[121.86,-0.35]]],[[[121.85,-0.35],[121.85,-0.35],[121.85,-0.35],[121.85,-0.35]]],[[[122.01,-0.35],[122.02,-0.35],[122.01,-0.35],[122.01,-0.35]]],[[[121.98,-0.35],[121.98,-0.35],[121.98,-0.35],[121.98,-0.35]]],[[[121.83,-0.35],[121.83,-0.35],[121.83,-0.35],[121.83,-0.35]]],[[[121.88,-0.35],[121.84,-0.36],[121.86,-0.37],[121.88,-0.35]]],[[[121.84,-0.35],[121.83,-0.35],[121.83,-0.35],[121.84,-0.35]]],[[[121.88,-0.35],[121.88,-0.35],[121.88,-0.35],[121.88,-0.35]]],[[[121.85,-0.35],[121.85,-0.35],[121.85,-0.35],[121.85,-0.35]]],[[[121.86,-0.35],[121.86,-0.35],[121.86,-0.35],[121.86,-0.35]]],[[[121.84,-0.35],[121.84,-0.35],[121.84,-0.35],[121.84,-0.35]]],[[[121.86,-0.35],[121.86,-0.35],[121.86,-0.35],[121.86,-0.35]]],[[[121.86,-0.35],[121.86,-0.35],[121.86,-0.35],[121.86,-0.35]]],[[[121.88,-0.34],[121.88,-0.34],[121.88,-0.34],[121.88,-0.34]]],[[[121.94,-0.34],[121.94,-0.35],[121.94,-0.34],[121.94,-0.34]]],[[[121.87,-0.34],[121.87,-0.34],[121.87,-0.34],[121.87,-0.34]]],[[[121.88,-0.34],[121.88,-0.34],[121.88,-0.34],[121.88,-0.34]]],[[[122.13,-0.34],[122.13,-0.34],[122.13,-0.34],[122.13,-0.34]]],[[[121.88,-0.34],[121.87,-0.34],[121.87,-0.34],[121.88,-0.34]]],[[[121.89,-0.34],[121.89,-0.34],[121.89,-0.34],[121.89,-0.34]]],[[[121.88,-0.34],[121.88,-0.34],[121.88,-0.34],[121.88,-0.34]]],[[[121.88,-0.34],[121.88,-0.34],[121.88,-0.34],[121.88,-0.34]]],[[[121.91,-0.34],[121.91,-0.34],[121.91,-0.34],[121.91,-0.34]]],[[[122.0,-0.34],[121.99,-0.34],[122.0,-0.34],[122.0,-0.34]]],[[[121.92,-0.34],[121.92,-0.34],[121.92,-0.34],[121.92,-0.34]]],[[[122.14,-0.34],[122.14,-0.34],[122.14,-0.34],[122.14,-0.34]]],[[[121.85,-0.34],[121.85,-0.33],[121.85,-0.33],[121.85,-0.34]]],[[[121.91,-0.34],[121.9,-0.34],[121.91,-0.34],[121.91,-0.34]]],[[[121.92,-0.33],[121.92,-0.33],[121.92,-0.33],[121.92,-0.33]]],[[[121.98,-0.33],[121.98,-0.33],[121.98,-0.34],[121.98,-0.33]]],[[[121.92,-0.33],[121.92,-0.33],[121.92,-0.33],[121.92,-0.33]]],[[[121.9,-0.33],[121.9,-0.33],[121.9,-0.33],[121.9,-0.33]]],[[[121.95,-0.32],[121.88,-0.42],[122.05,-0.42],[122.06,-0.35],[121.95,-0.32]]],[[[122.04,-0.33],[122.04,-0.32],[122.03,-0.33],[122.04,-0.33]]],[[[122.11,-0.32],[122.11,-0.32],[122.11,-0.32],[122.11,-0.32]]],[[[121.95,-0.31],[121.94,-0.32],[121.95,-0.32],[121.95,-0.31]]],[[[122.23,-0.31],[122.23,-0.31],[122.23,-0.31],[122.23,-0.31]]],[[[121.99,-0.31],[121.98,-0.31],[121.98,-0.32],[121.99,-0.31]]],[[[121.96,-0.31],[121.96,-0.31],[121.96,-0.31],[121.96,-0.31]]],[[[122.0,-0.31],[122.0,-0.31],[121.99,-0.31],[122.0,-0.31]]],[[[122.33,-0.3],[122.33,-0.3],[122.33,-0.3],[122.33,-0.3]]],[[[122.33,-0.31],[122.33,-0.3],[122.33,-0.31],[122.33,-0.31]]],[[[122.24,-0.3],[122.23,-0.3],[122.23,-0.31],[122.24,-0.3]]],[[[122.32,-0.29],[122.32,-0.29],[122.32,-0.29],[122.32,-0.29]]],[[[122.27,-0.29],[122.27,-0.28],[122.26,-0.29],[122.27,-0.29]]],[[[122.27,-0.29],[122.27,-0.29],[122.28,-0.29],[122.27,-0.29]]],[[[122.31,-0.28],[122.31,-0.28],[122.31,-0.28],[122.31,-0.28]]],[[[122.31,-0.28],[122.31,-0.28],[122.31,-0.28],[122.31,-0.28]]],[[[122.32,-0.28],[122.31,-0.28],[122.32,-0.29],[122.32,-0.28]]],[[[122.26,-0.28],[122.26,-0.28],[122.26,-0.28],[122.26,-0.28]]],[[[122.32,-0.28],[122.32,-0.28],[122.31,-0.28],[122.32,-0.28]]],[[[122.02,-0.28],[122.02,-0.28],[122.01,-0.29],[122.02,-0.28]]],[[[122.23,-0.28],[122.23,-0.28],[122.23,-0.28],[122.23,-0.28]]],[[[122.23,-0.27],[122.23,-0.27],[122.23,-0.27],[122.23,-0.27]]],[[[122.09,-0.28],[122.1,-0.45],[122.15,-0.39],[122.09,-0.28]]],[[[122.15,-0.26],[122.15,-0.28],[122.15,-0.27],[122.15,-0.26]]],[[[122.25,-0.26],[122.25,-0.26],[122.24,-0.26],[122.25,-0.26]]],[[[122.17,-0.26],[122.17,-0.25],[122.17,-0.25],[122.17,-0.26]]],[[[122.12,-0.25],[122.11,-0.27],[122.13,-0.27],[122.12,-0.25]]],[[[122.09,-0.24],[122.03,-0.27],[122.09,-0.26],[122.09,-0.24]]],[[[122.09,-0.24],[122.09,-0.24],[122.09,-0.24],[122.09,-0.24]]],[[[122.22,-0.22],[122.22,-0.22],[122.22,-0.22],[122.22,-0.22]]],[[[122.29,-0.22],[122.29,-0.22],[122.29,-0.22],[122.29,-0.22]]],[[[122.18,-0.22],[122.18,-0.22],[122.18,-0.22],[122.18,-0.22]]],[[[122.18,-0.22],[122.18,-0.22],[122.18,-0.22],[122.18,-0.22]]],[[[122.21,-0.22],[122.21,-0.22],[122.21,-0.22],[122.21,-0.22]]],[[[122.18,-0.22],[122.18,-0.22],[122.18,-0.22],[122.18,-0.22]]],[[[122.28,-0.22],[122.28,-0.22],[122.29,-0.22],[122.28,-0.22]]],[[[122.26,-0.22],[122.27,-0.22],[122.26,-0.22],[122.26,-0.22]]],[[[122.21,-0.22],[122.21,-0.22],[122.21,-0.22],[122.21,-0.22]]],[[[122.21,-0.22],[122.21,-0.22],[122.21,-0.22],[122.21,-0.22]]],[[[122.21,-0.22],[122.21,-0.21],[122.21,-0.22],[122.21,-0.22]]],[[[122.19,-0.21],[122.19,-0.21],[122.19,-0.21],[122.19,-0.21]]],[[[122.21,-0.21],[122.21,-0.21],[122.21,-0.21],[122.21,-0.21]]],[[[122.21,-0.21],[122.21,-0.21],[122.21,-0.21],[122.21,-0.21]]],[[[122.2,-0.21],[122.2,-0.21],[122.2,-0.21],[122.2,-0.21]]],[[[122.21,-0.21],[122.15,-0.25],[122.23,-0.3],[122.21,-0.21]]],[[[122.24,-0.21],[122.4,-0.39],[122.38,-0.27],[122.24,-0.21]]],[[[121.63,-0.13],[121.56,-0.16],[121.59,-0.21],[121.63,-0.13]]]]},"properties":{"KDPPUM":"72","KDPKAB":"72.09","WADMKK":"Tojo Una Una","ID_KAB":7209}},{"type":"Feature","geometry":{"type":"Polygon","coordinates":[[[120.05,-0.88],[119.93,-0.95],[119.8,-0.87],[119.65,-0.97],[119.8,-1.09],[119.76,-1.18],[119.83,-1.39],[119.69,-1.43],[119.67,-1.53],[119.87,-1.78],[119.84,-2.05],[120.14,-1.9],[120.09,-1.82],[120.18,-1.77],[120.06,-1.53],[120.28,-1.41],[120.18,-1.27],[120.37,-1.15],[120.08,-1.01],[120.05,-0.88]]]},"properties":{"KDPPUM":"72","KDPKAB":"72.10","WADMKK":"Sigi","ID_KAB":7210}},{"type":"Feature","geometry":{"type":"MultiPolygon","coordinates":[[[[123.14,-2.23],[123.14,-2.24],[123.14,-2.24],[123.14,-2.23]]],[[[123.14,-2.23],[123.14,-2.23],[123.14,-2.23],[123.14,-2.23]]],[[[123.15,-2.23],[123.14,-2.23],[123.14,-2.23],[123.15,-2.23]]],[[[123.14,-2.23],[123.14,-2.23],[123.14,-2.23],[123.14,-2.23]]],[[[123.14,-2.23],[123.14,-2.23],[123.14,-2.23],[123.14,-2.23]]],[[[123.14,-2.23],[123.14,-2.23],[123.14,-2.23],[123.14,-2.23]]],[[[123.15,-2.22],[123.14,-2.22],[123.15,-2.23],[123.15,-2.22]]],[[[123.14,-2.22],[123.14,-2.22],[123.14,-2.22],[123.14,-2.22]]],[[[123.15,-2.22],[123.15,-2.22],[123.15,-2.22],[123.15,-2.22]]],[[[123.15,-2.22],[123.15,-2.22],[123.15,-2.22],[123.15,-2.22]]],[[[123.15,-2.22],[123.15,-2.22],[123.15,-2.22],[123.15,-2.22]]],[[[123.15,-2.22],[123.15,-2.22],[123.15,-2.22],[123.15,-2.22]]],[[[123.15,-2.22],[123.15,-2.22],[123.15,-2.22],[123.15,-2.22]]],[[[123.15,-2.22],[123.15,-2.22],[123.15,-2.22],[123.15,-2.22]]],[[[123.15,-2.22],[123.15,-2.22],[123.15,-2.22],[123.15,-2.22]]],[[[123.15,-2.22],[123.15,-2.22],[123.15,-2.22],[123.15,-2.22]]],[[[123.15,-2.21],[123.15,-2.21],[123.15,-2.21],[123.15,-2.21]]],[[[123.15,-2.21],[123.15,-2.21],[123.15,-2.21],[123.15,-2.21]]],[[[123.15,-2.21],[123.15,-2.21],[123.15,-2.21],[123.15,-2.21]]],[[[123.15,-2.21],[123.15,-2.21],[123.15,-2.21],[123.15,-2.21]]],[[[123.15,-2.21],[123.15,-2.21],[123.15,-2.21],[123.15,-2.21]]],[[[123.15,-2.21],[123.15,-2.21],[123.15,-2.21],[123.15,-2.21]]],[[[123.15,-2.21],[123.15,-2.21],[123.15,-2.21],[123.15,-2.21]]],[[[123.15,-2.21],[123.15,-2.21],[123.15,-2.21],[123.15,-2.21]]],[[[123.16,-2.21],[123.15,-2.21],[123.15,-2.21],[123.16,-2.21]]],[[[123.15,-2.21],[123.15,-2.21],[123.15,-2.21],[123.15,-2.21]]],[[[123.16,-2.21],[123.15,-2.21],[123.16,-2.21],[123.16,-2.21]]],[[[123.16,-2.21],[123.16,-2.21],[123.16,-2.21],[123.16,-2.21]]],[[[123.16,-2.21],[123.16,-2.21],[123.16,-2.21],[123.16,-2.21]]],[[[123.16,-2.21],[123.16,-2.21],[123.16,-2.21],[123.16,-2.21]]],[[[123.16,-2.21],[123.16,-2.21],[123.16,-2.21],[123.16,-2.21]]],[[[123.16,-2.21],[123.16,-2.21],[123.16,-2.21],[123.16,-2.21]]],[[[123.16,-2.21],[123.16,-2.21],[123.16,-2.21],[123.16,-2.21]]],[[[123.16,-2.21],[123.16,-2.21],[123.16,-2.21],[123.16,-2.21]]],[[[123.16,-2.21],[123.16,-2.21],[123.16,-2.21],[123.16,-2.21]]],[[[123.16,-2.21],[123.16,-2.21],[123.16,-2.21],[123.16,-2.21]]],[[[123.16,-2.21],[123.16,-2.21],[123.16,-2.21],[123.16,-2.21]]],[[[123.4,-2.21],[123.41,-2.2],[123.4,-2.2],[123.4,-2.21]]],[[[123.16,-2.2],[123.14,-2.22],[123.16,-2.21],[123.16,-2.2]]],[[[123.67,-2.16],[123.66,-2.15],[123.68,-2.18],[123.67,-2.16]]],[[[123.67,-2.15],[123.67,-2.15],[123.67,-2.15],[123.67,-2.15]]],[[[123.18,-2.15],[123.18,-2.15],[123.18,-2.15],[123.18,-2.15]]],[[[123.66,-2.15],[123.66,-2.14],[123.65,-2.14],[123.66,-2.15]]],[[[123.44,-2.13],[123.44,-2.13],[123.44,-2.13],[123.44,-2.13]]],[[[123.44,-2.13],[123.44,-2.13],[123.44,-2.13],[123.44,-2.13]]],[[[123.44,-2.13],[123.44,-2.13],[123.44,-2.13],[123.44,-2.13]]],[[[123.44,-2.13],[123.44,-2.13],[123.45,-2.13],[123.44,-2.13]]],[[[123.44,-2.13],[123.44,-2.13],[123.44,-2.13],[123.44,-2.13]]],[[[123.44,-2.13],[123.44,-2.13],[123.44,-2.13],[123.44,-2.13]]],[[[123.44,-2.13],[123.44,-2.13],[123.44,-2.13],[123.44,-2.13]]],[[[123.44,-2.13],[123.44,-2.13],[123.44,-2.13],[123.44,-2.13]]],[[[123.45,-2.13],[123.45,-2.13],[123.45,-2.13],[123.45,-2.13]]],[[[123.44,-2.13],[123.44,-2.13],[123.44,-2.13],[123.44,-2.13]]],[[[123.44,-2.13],[123.44,-2.13],[123.44,-2.13],[123.44,-2.13]]],[[[123.44,-2.13],[123.44,-2.13],[123.44,-2.13],[123.44,-2.13]]],[[[123.45,-2.13],[123.45,-2.13],[123.45,-2.13],[123.45,-2.13]]],[[[123.45,-2.13],[123.45,-2.13],[123.45,-2.13],[123.45,-2.13]]],[[[123.45,-2.13],[123.45,-2.13],[123.45,-2.13],[123.45,-2.13]]],[[[123.45,-2.13],[123.45,-2.13],[123.45,-2.13],[123.45,-2.13]]],[[[123.44,-2.13],[123.44,-2.13],[123.44,-2.13],[123.44,-2.13]]],[[[123.44,-2.13],[123.44,-2.13],[123.44,-2.13],[123.44,-2.13]]],[[[123.45,-2.13],[123.45,-2.13],[123.45,-2.13],[123.45,-2.13]],[[123.44,-2.13],[123.44,-2.13],[123.44,-2.13],[123.44,-2.13]]],[[[123.44,-2.13],[123.44,-2.13],[123.44,-2.13],[123.44,-2.13]]],[[[123.44,-2.13],[123.44,-2.13],[123.44,-2.13],[123.44,-2.13]]],[[[123.44,-2.13],[123.44,-2.13],[123.44,-2.13],[123.44,-2.13]]],[[[123.45,-2.13],[123.45,-2.13],[123.45,-2.13],[123.45,-2.13]]],[[[123.44,-2.13],[123.44,-2.13],[123.44,-2.13],[123.44,-2.13]]],[[[123.44,-2.13],[123.44,-2.13],[123.44,-2.13],[123.44,-2.13]]],[[[123.44,-2.13],[123.44,-2.13],[123.44,-2.13],[123.44,-2.13]]],[[[123.44,-2.13],[123.44,-2.13],[123.44,-2.13],[123.44,-2.13]]],[[[123.44,-2.13],[123.44,-2.13],[123.44,-2.13],[123.44,-2.13]]],[[[123.44,-2.13],[123.44,-2.13],[123.44,-2.13],[123.44,-2.13]]],[[[123.64,-2.12],[123.63,-2.13],[123.64,-2.14],[123.64,-2.12]]],[[[123.45,-2.12],[123.45,-2.12],[123.45,-2.12],[123.45,-2.12]]],[[[123.45,-2.12],[123.45,-2.12],[123.45,-2.12],[123.45,-2.12]]],[[[123.61,-2.12],[123.61,-2.12],[123.61,-2.12],[123.61,-2.12]]],[[[123.44,-2.12],[123.44,-2.13],[123.45,-2.13],[123.44,-2.12]]],[[[123.61,-2.14],[123.59,-2.12],[123.6,-2.14],[123.61,-2.14]]],[[[123.56,-2.11],[123.56,-2.11],[123.56,-2.11],[123.56,-2.11]]],[[[123.81,-2.11],[123.81,-2.11],[123.81,-2.11],[123.81,-2.11]]],[[[123.26,-2.11],[123.26,-2.11],[123.26,-2.11],[123.26,-2.11]]],[[[123.93,-2.1],[123.93,-2.1],[123.93,-2.1],[123.93,-2.1]]],[[[123.32,-2.1],[123.32,-2.11],[123.32,-2.11],[123.32,-2.1]]],[[[123.76,-2.1],[123.76,-2.1],[123.75,-2.1],[123.76,-2.1]]],[[[123.76,-2.1],[123.76,-2.1],[123.76,-2.1],[123.76,-2.1]],[[123.75,-2.1],[123.75,-2.1],[123.76,-2.1],[123.75,-2.1]]],[[[123.76,-2.1],[123.76,-2.1],[123.76,-2.1],[123.76,-2.1]]],[[[123.92,-2.1],[123.93,-2.11],[123.93,-2.1],[123.92,-2.1]]],[[[123.93,-2.1],[123.93,-2.1],[123.93,-2.1],[123.93,-2.1]]],[[[123.92,-2.1],[123.92,-2.1],[123.92,-2.1],[123.92,-2.1]]],[[[123.75,-2.1],[123.75,-2.1],[123.75,-2.1],[123.75,-2.1]]],[[[123.93,-2.1],[123.93,-2.1],[123.93,-2.1],[123.93,-2.1]]],[[[123.93,-2.1],[123.93,-2.1],[123.92,-2.1],[123.93,-2.1]]],[[[123.9,-2.1],[123.9,-2.1],[123.9,-2.1],[123.9,-2.1]]],[[[123.87,-2.1],[123.87,-2.1],[123.87,-2.1],[123.87,-2.1]]],[[[123.9,-2.1],[123.9,-2.1],[123.9,-2.1],[123.9,-2.1]]],[[[123.75,-2.1],[123.75,-2.09],[123.75,-2.1],[123.75,-2.1]]],[[[123.87,-2.1],[123.86,-2.1],[123.86,-2.1],[123.87,-2.1]]],[[[123.92,-2.09],[123.92,-2.09],[123.92,-2.09],[123.92,-2.09]]],[[[123.55,-2.09],[123.54,-2.1],[123.56,-2.11],[123.55,-2.09]]],[[[123.9,-2.09],[123.9,-2.09],[123.9,-2.1],[123.9,-2.09]]],[[[123.33,-2.1],[123.33,-2.09],[123.33,-2.09],[123.33,-2.1]]],[[[123.92,-2.09],[123.92,-2.1],[123.92,-2.1],[123.92,-2.09]]],[[[123.89,-2.09],[123.89,-2.09],[123.9,-2.1],[123.89,-2.09]]],[[[123.91,-2.09],[123.91,-2.09],[123.91,-2.09],[123.91,-2.09]]],[[[123.75,-2.1],[123.75,-2.09],[123.75,-2.09],[123.75,-2.1]]],[[[123.9,-2.09],[123.9,-2.09],[123.9,-2.09],[123.9,-2.09]]],[[[123.91,-2.09],[123.91,-2.09],[123.91,-2.09],[123.91,-2.09]]],[[[123.9,-2.09],[123.9,-2.09],[123.9,-2.09],[123.9,-2.09]]],[[[123.92,-2.09],[123.91,-2.09],[123.92,-2.09],[123.92,-2.09]]],[[[123.9,-2.09],[123.9,-2.09],[123.9,-2.09],[123.9,-2.09]]],[[[123.9,-2.09],[123.9,-2.09],[123.9,-2.09],[123.9,-2.09]]],[[[123.92,-2.09],[123.92,-2.09],[123.92,-2.09],[123.92,-2.09]]],[[[123.92,-2.09],[123.92,-2.09],[123.92,-2.09],[123.92,-2.09]]],[[[123.92,-2.09],[123.92,-2.09],[123.92,-2.09],[123.92,-2.09]]],[[[123.92,-2.09],[123.92,-2.09],[123.92,-2.09],[123.92,-2.09]]],[[[123.92,-2.09],[123.92,-2.08],[123.92,-2.09],[123.92,-2.09]]],[[[123.91,-2.08],[123.91,-2.08],[123.91,-2.09],[123.91,-2.08]]],[[[123.88,-2.08],[123.88,-2.08],[123.88,-2.08],[123.88,-2.08]]],[[[123.9,-2.09],[123.9,-2.08],[123.9,-2.08],[123.9,-2.09]]],[[[123.92,-2.09],[123.92,-2.08],[123.91,-2.08],[123.92,-2.09]]],[[[123.91,-2.08],[123.91,-2.08],[123.91,-2.08],[123.91,-2.08]]],[[[123.75,-2.08],[123.74,-2.08],[123.74,-2.08],[123.75,-2.08]]],[[[123.88,-2.08],[123.88,-2.08],[123.88,-2.08],[123.88,-2.08]]],[[[123.91,-2.08],[123.91,-2.08],[123.91,-2.08],[123.91,-2.08]]],[[[123.87,-2.08],[123.87,-2.08],[123.87,-2.08],[123.87,-2.08]]],[[[123.87,-2.08],[123.87,-2.08],[123.87,-2.08],[123.87,-2.08]]],[[[123.87,-2.08],[123.87,-2.08],[123.87,-2.08],[123.87,-2.08]]],[[[123.88,-2.08],[123.88,-2.08],[123.88,-2.08],[123.88,-2.08]]],[[[123.87,-2.08],[123.87,-2.08],[123.87,-2.08],[123.87,-2.08]]],[[[123.87,-2.07],[123.87,-2.07],[123.87,-2.08],[123.87,-2.07]]],[[[123.87,-2.07],[123.87,-2.07],[123.87,-2.07],[123.87,-2.07]]],[[[123.92,-2.07],[123.92,-2.07],[123.92,-2.07],[123.92,-2.07]]],[[[123.91,-2.08],[123.92,-2.07],[123.91,-2.08],[123.91,-2.08]]],[[[123.87,-2.07],[123.87,-2.07],[123.87,-2.07],[123.87,-2.07]]],[[[123.88,-2.07],[123.88,-2.06],[123.88,-2.07],[123.88,-2.07]]],[[[123.28,-2.07],[123.28,-2.06],[123.27,-2.06],[123.28,-2.07]]],[[[123.59,-2.07],[123.6,-2.06],[123.59,-2.06],[123.59,-2.07]]],[[[123.76,-2.05],[123.76,-2.05],[123.76,-2.05],[123.76,-2.05]]],[[[123.78,-2.04],[123.78,-2.04],[123.78,-2.04],[123.78,-2.04]]],[[[123.76,-2.03],[123.76,-2.03],[123.76,-2.03],[123.76,-2.03]]],[[[123.76,-2.02],[123.76,-2.02],[123.76,-2.02],[123.76,-2.02]]],[[[123.76,-2.02],[123.76,-2.02],[123.76,-2.02],[123.76,-2.02]]],[[[123.76,-2.02],[123.76,-2.02],[123.76,-2.02],[123.76,-2.02]]],[[[123.79,-2.02],[123.78,-2.02],[123.79,-2.03],[123.79,-2.02]]],[[[123.76,-2.02],[123.76,-2.02],[123.76,-2.02],[123.76,-2.02]]],[[[123.76,-2.02],[123.76,-2.02],[123.76,-2.02],[123.76,-2.02]]],[[[123.76,-2.02],[123.76,-2.02],[123.76,-2.02],[123.76,-2.02]]],[[[123.76,-2.02],[123.75,-2.02],[123.75,-2.02],[123.76,-2.02]]],[[[123.84,-2.02],[123.84,-2.01],[123.84,-2.02],[123.84,-2.02]]],[[[123.76,-2.01],[123.76,-2.01],[123.76,-2.01],[123.76,-2.01]]],[[[123.75,-2.01],[123.75,-2.02],[123.75,-2.02],[123.75,-2.01]]],[[[123.77,-2.01],[123.77,-2.01],[123.77,-2.01],[123.77,-2.01]]],[[[123.77,-2.01],[123.77,-2.01],[123.77,-2.01],[123.77,-2.01]]],[[[123.85,-2.01],[123.85,-2.01],[123.85,-2.01],[123.85,-2.01]]],[[[123.77,-2.01],[123.77,-2.01],[123.77,-2.01],[123.77,-2.01]]],[[[123.86,-2.01],[123.84,-2.07],[123.89,-2.09],[123.86,-2.01]]],[[[123.77,-2.01],[123.76,-2.06],[123.78,-2.03],[123.77,-2.01]]],[[[123.87,-2.01],[123.88,-2.0],[123.87,-2.0],[123.87,-2.01]]],[[[123.49,-1.99],[123.49,-1.99],[123.49,-2.0],[123.49,-1.99]]],[[[123.49,-1.99],[123.49,-1.99],[123.49,-2.0],[123.49,-1.99]]],[[[123.49,-1.99],[123.49,-1.99],[123.49,-1.99],[123.49,-1.99]]],[[[123.49,-1.98],[123.49,-1.98],[123.5,-1.99],[123.49,-1.98]]],[[[123.26,-1.99],[123.26,-1.98],[123.25,-1.98],[123.26,-1.99]]],[[[123.49,-1.99],[123.48,-1.98],[123.48,-2.0],[123.49,-1.99]]],[[[123.66,-1.96],[123.66,-1.97],[123.66,-1.96],[123.66,-1.96]]],[[[123.65,-1.96],[123.65,-1.96],[123.65,-1.96],[123.65,-1.96]]],[[[123.66,-1.96],[123.66,-1.96],[123.66,-1.96],[123.66,-1.96]]],[[[123.66,-1.96],[123.66,-1.96],[123.66,-1.96],[123.66,-1.96]]],[[[123.65,-1.96],[123.65,-1.96],[123.65,-1.96],[123.65,-1.96]]],[[[123.65,-1.96],[123.66,-1.96],[123.65,-1.96],[123.65,-1.96]]],[[[123.66,-1.96],[123.66,-1.96],[123.66,-1.96],[123.66,-1.96]]],[[[123.66,-1.96],[123.65,-1.97],[123.66,-1.97],[123.66,-1.96]]],[[[123.66,-1.96],[123.66,-1.96],[123.66,-1.96],[123.66,-1.96]]],[[[123.66,-1.96],[123.66,-1.96],[123.66,-1.96],[123.66,-1.96]]],[[[123.66,-1.96],[123.65,-1.96],[123.65,-1.96],[123.66,-1.96]]],[[[123.66,-1.96],[123.66,-1.96],[123.66,-1.96],[123.66,-1.96]],[[123.66,-1.96],[123.66,-1.96],[123.66,-1.96],[123.66,-1.96]]],[[[123.65,-1.96],[123.65,-1.96],[123.65,-1.96],[123.65,-1.96]]],[[[123.65,-1.96],[123.65,-1.96],[123.65,-1.96],[123.65,-1.96]]],[[[123.65,-1.96],[123.65,-1.96],[123.65,-1.96],[123.65,-1.96]]],[[[123.66,-1.96],[123.66,-1.96],[123.66,-1.96],[123.66,-1.96]]],[[[123.65,-1.96],[123.65,-1.96],[123.65,-1.96],[123.65,-1.96]]],[[[123.65,-1.96],[123.65,-1.96],[123.65,-1.96],[123.65,-1.96]]],[[[123.65,-1.96],[123.65,-1.96],[123.65,-1.96],[123.65,-1.96]]],[[[123.72,-1.96],[123.72,-1.96],[123.72,-1.96],[123.72,-1.96]]],[[[123.65,-1.96],[123.65,-1.96],[123.65,-1.96],[123.65,-1.96]]],[[[123.65,-1.96],[123.65,-1.96],[123.65,-1.96],[123.65,-1.96]]],[[[123.65,-1.96],[123.65,-1.96],[123.65,-1.96],[123.65,-1.96]]],[[[123.65,-1.96],[123.65,-1.96],[123.65,-1.96],[123.65,-1.96]]],[[[123.65,-1.96],[123.65,-1.96],[123.65,-1.96],[123.65,-1.96]]],[[[123.66,-1.96],[123.66,-1.96],[123.66,-1.96],[123.66,-1.96]]],[[[123.72,-1.96],[123.72,-1.96],[123.72,-1.96],[123.72,-1.96]]],[[[123.65,-1.96],[123.65,-1.96],[123.65,-1.96],[123.65,-1.96]]],[[[123.73,-1.96],[123.72,-1.96],[123.72,-1.96],[123.73,-1.96]]],[[[123.72,-1.96],[123.72,-1.96],[123.72,-1.96],[123.72,-1.96]]],[[[123.65,-1.96],[123.65,-1.96],[123.65,-1.96],[123.65,-1.96]]],[[[123.65,-1.96],[123.65,-1.96],[123.65,-1.96],[123.65,-1.96]]],[[[123.65,-1.96],[123.65,-1.96],[123.65,-1.96],[123.65,-1.96]]],[[[123.72,-1.96],[123.72,-1.96],[123.72,-1.96],[123.72,-1.96]]],[[[123.73,-1.96],[123.73,-1.96],[123.73,-1.96],[123.73,-1.96]]],[[[123.7,-1.96],[123.7,-1.96],[123.7,-1.96],[123.7,-1.96]]],[[[123.71,-1.96],[123.71,-1.96],[123.71,-1.96],[123.71,-1.96]]],[[[123.7,-1.96],[123.7,-1.96],[123.7,-1.96],[123.7,-1.96]]],[[[123.65,-1.96],[123.65,-1.96],[123.65,-1.96],[123.65,-1.96]]],[[[123.71,-1.96],[123.71,-1.96],[123.71,-1.96],[123.71,-1.96]]],[[[123.7,-1.96],[123.7,-1.96],[123.7,-1.96],[123.7,-1.96]]],[[[123.7,-1.96],[123.7,-1.96],[123.7,-1.96],[123.7,-1.96]]],[[[123.7,-1.96],[123.7,-1.96],[123.7,-1.96],[123.7,-1.96]]],[[[123.7,-1.96],[123.7,-1.96],[123.7,-1.96],[123.7,-1.96]]],[[[123.71,-1.96],[123.71,-1.96],[123.71,-1.96],[123.71,-1.96]]],[[[123.7,-1.96],[123.7,-1.96],[123.7,-1.96],[123.7,-1.96]]],[[[123.7,-1.96],[123.7,-1.96],[123.7,-1.96],[123.7,-1.96]]],[[[123.7,-1.96],[123.7,-1.96],[123.7,-1.96],[123.7,-1.96]]],[[[123.7,-1.96],[123.7,-1.96],[123.7,-1.96],[123.7,-1.96]]],[[[123.65,-1.96],[123.65,-1.96],[123.65,-1.96],[123.65,-1.96]]],[[[123.71,-1.96],[123.71,-1.96],[123.7,-1.96],[123.71,-1.96]]],[[[123.7,-1.96],[123.7,-1.96],[123.7,-1.96],[123.7,-1.96]]],[[[123.65,-1.96],[123.65,-1.96],[123.65,-1.96],[123.65,-1.96]]],[[[123.7,-1.96],[123.7,-1.96],[123.7,-1.96],[123.7,-1.96]]],[[[123.7,-1.96],[123.7,-1.96],[123.7,-1.96],[123.7,-1.96]]],[[[123.7,-1.96],[123.7,-1.96],[123.7,-1.96],[123.7,-1.96]]],[[[123.7,-1.96],[123.7,-1.96],[123.7,-1.96],[123.7,-1.96]]],[[[123.7,-1.96],[123.7,-1.96],[123.7,-1.96],[123.7,-1.96]]],[[[123.73,-1.96],[123.73,-1.96],[123.73,-1.96],[123.73,-1.96]]],[[[123.7,-1.96],[123.7,-1.96],[123.7,-1.96],[123.7,-1.96]]],[[[123.7,-1.96],[123.7,-1.96],[123.71,-1.96],[123.7,-1.96]]],[[[123.65,-1.96],[123.65,-1.96],[123.65,-1.96],[123.65,-1.96]]],[[[123.65,-1.96],[123.65,-1.96],[123.65,-1.96],[123.65,-1.96]]],[[[123.65,-1.96],[123.65,-1.96],[123.65,-1.96],[123.65,-1.96]]],[[[123.65,-1.96],[123.65,-1.96],[123.65,-1.96],[123.65,-1.96]]],[[[123.65,-1.96],[123.65,-1.96],[123.65,-1.96],[123.65,-1.96]]],[[[123.7,-1.96],[123.7,-1.96],[123.7,-1.96],[123.7,-1.96]]],[[[123.65,-1.96],[123.65,-1.96],[123.65,-1.96],[123.65,-1.96]]],[[[123.73,-1.96],[123.73,-1.96],[123.73,-1.96],[123.73,-1.96]]],[[[123.71,-1.96],[123.71,-1.96],[123.7,-1.96],[123.71,-1.96]]],[[[123.7,-1.96],[123.7,-1.96],[123.7,-1.96],[123.7,-1.96]]],[[[123.72,-1.96],[123.72,-1.96],[123.72,-1.96],[123.72,-1.96]]],[[[123.72,-1.96],[123.72,-1.96],[123.72,-1.96],[123.72,-1.96]]],[[[123.66,-1.96],[123.66,-1.96],[123.66,-1.96],[123.66,-1.96]]],[[[123.7,-1.96],[123.7,-1.96],[123.7,-1.96],[123.7,-1.96]]],[[[123.72,-1.96],[123.72,-1.96],[123.72,-1.96],[123.72,-1.96]]],[[[123.72,-1.96],[123.72,-1.96],[123.72,-1.96],[123.72,-1.96]]],[[[123.65,-1.96],[123.65,-1.96],[123.65,-1.96],[123.65,-1.96]]],[[[123.7,-1.96],[123.7,-1.96],[123.7,-1.96],[123.7,-1.96]]],[[[123.72,-1.96],[123.72,-1.96],[123.72,-1.96],[123.72,-1.96]]],[[[123.7,-1.96],[123.7,-1.96],[123.7,-1.96],[123.7,-1.96]]],[[[123.7,-1.96],[123.7,-1.96],[123.7,-1.96],[123.7,-1.96]]],[[[123.7,-1.96],[123.7,-1.96],[123.7,-1.96],[123.7,-1.96]]],[[[123.65,-1.96],[123.65,-1.96],[123.65,-1.96],[123.65,-1.96]]],[[[123.65,-1.96],[123.65,-1.96],[123.65,-1.96],[123.65,-1.96]]],[[[123.7,-1.96],[123.7,-1.96],[123.7,-1.96],[123.7,-1.96]]],[[[123.65,-1.96],[123.65,-1.96],[123.65,-1.96],[123.65,-1.96]]],[[[123.71,-1.96],[123.71,-1.96],[123.71,-1.96],[123.71,-1.96]]],[[[123.72,-1.96],[123.72,-1.96],[123.72,-1.96],[123.72,-1.96]]],[[[123.7,-1.96],[123.7,-1.96],[123.7,-1.96],[123.7,-1.96]]],[[[123.71,-1.96],[123.71,-1.96],[123.7,-1.96],[123.71,-1.96]]],[[[123.7,-1.96],[123.7,-1.96],[123.7,-1.96],[123.7,-1.96]]],[[[123.71,-1.96],[123.71,-1.96],[123.71,-1.95],[123.71,-1.96]]],[[[123.7,-1.96],[123.7,-1.95],[123.7,-1.96],[123.7,-1.96]]],[[[123.64,-1.95],[123.65,-1.96],[123.65,-1.96],[123.64,-1.95]]],[[[123.7,-1.95],[123.7,-1.95],[123.7,-1.95],[123.7,-1.95]]],[[[123.7,-1.95],[123.7,-1.95],[123.7,-1.95],[123.7,-1.95]]],[[[123.74,-1.95],[123.74,-1.95],[123.74,-1.95],[123.74,-1.95]]],[[[123.7,-1.95],[123.7,-1.96],[123.7,-1.96],[123.7,-1.95]]],[[[123.74,-1.96],[123.74,-1.95],[123.74,-1.95],[123.74,-1.96]]],[[[123.7,-1.95],[123.7,-1.95],[123.7,-1.95],[123.7,-1.95]]],[[[123.7,-1.95],[123.7,-1.95],[123.7,-1.95],[123.7,-1.95]]],[[[123.65,-1.95],[123.65,-1.95],[123.65,-1.95],[123.65,-1.95]]],[[[123.7,-1.95],[123.7,-1.95],[123.7,-1.95],[123.7,-1.95]]],[[[123.71,-1.95],[123.7,-1.95],[123.7,-1.95],[123.71,-1.95]]],[[[123.7,-1.95],[123.7,-1.95],[123.7,-1.95],[123.7,-1.95]]],[[[123.7,-1.95],[123.7,-1.95],[123.7,-1.95],[123.7,-1.95]]],[[[123.73,-1.96],[123.73,-1.95],[123.73,-1.96],[123.73,-1.96]]],[[[123.7,-1.95],[123.7,-1.95],[123.7,-1.95],[123.7,-1.95]]],[[[123.7,-1.95],[123.7,-1.95],[123.7,-1.95],[123.7,-1.95]]],[[[123.7,-1.95],[123.7,-1.95],[123.7,-1.95],[123.7,-1.95]]],[[[123.7,-1.95],[123.7,-1.95],[123.7,-1.95],[123.7,-1.95]]],[[[123.7,-1.95],[123.7,-1.95],[123.7,-1.95],[123.7,-1.95]]],[[[123.7,-1.95],[123.7,-1.95],[123.7,-1.95],[123.7,-1.95]]],[[[123.7,-1.95],[123.7,-1.96],[123.7,-1.95],[123.7,-1.95]]],[[[123.7,-1.95],[123.7,-1.95],[123.7,-1.95],[123.7,-1.95]]],[[[123.71,-1.95],[123.71,-1.95],[123.71,-1.95],[123.71,-1.95]]],[[[123.7,-1.95],[123.7,-1.95],[123.7,-1.95],[123.7,-1.95]]],[[[123.7,-1.95],[123.7,-1.95],[123.7,-1.95],[123.7,-1.95]]],[[[123.71,-1.95],[123.71,-1.95],[123.71,-1.95],[123.71,-1.95]]],[[[123.71,-1.95],[123.71,-1.95],[123.71,-1.95],[123.71,-1.95]]],[[[123.7,-1.95],[123.7,-1.95],[123.7,-1.95],[123.7,-1.95]]],[[[123.7,-1.95],[123.7,-1.95],[123.7,-1.95],[123.7,-1.95]]],[[[123.7,-1.95],[123.7,-1.95],[123.7,-1.95],[123.7,-1.95]]],[[[123.7,-1.95],[123.7,-1.95],[123.7,-1.95],[123.7,-1.95]]],[[[123.7,-1.95],[123.7,-1.95],[123.7,-1.95],[123.7,-1.95]]],[[[123.7,-1.95],[123.7,-1.95],[123.7,-1.95],[123.7,-1.95]]],[[[123.72,-1.95],[123.72,-1.95],[123.72,-1.95],[123.72,-1.95]]],[[[123.7,-1.95],[123.7,-1.95],[123.7,-1.95],[123.7,-1.95]]],[[[123.7,-1.95],[123.7,-1.95],[123.7,-1.95],[123.7,-1.95]]],[[[123.64,-1.95],[123.64,-1.95],[123.64,-1.95],[123.64,-1.95]]],[[[123.7,-1.95],[123.7,-1.95],[123.7,-1.95],[123.7,-1.95]]],[[[123.7,-1.95],[123.7,-1.95],[123.7,-1.95],[123.7,-1.95]]],[[[123.7,-1.95],[123.7,-1.95],[123.7,-1.95],[123.7,-1.95]]],[[[123.7,-1.95],[123.7,-1.95],[123.7,-1.95],[123.7,-1.95]]],[[[123.71,-1.95],[123.71,-1.95],[123.71,-1.95],[123.71,-1.95]]],[[[123.7,-1.95],[123.7,-1.95],[123.7,-1.95],[123.7,-1.95]]],[[[123.7,-1.95],[123.7,-1.95],[123.7,-1.95],[123.7,-1.95]]],[[[123.71,-1.95],[123.71,-1.95],[123.71,-1.95],[123.71,-1.95]]],[[[123.64,-1.95],[123.64,-1.95],[123.64,-1.95],[123.64,-1.95]]],[[[123.7,-1.95],[123.7,-1.95],[123.7,-1.95],[123.7,-1.95]]],[[[123.7,-1.95],[123.7,-1.95],[123.7,-1.95],[123.7,-1.95]]],[[[123.71,-1.95],[123.71,-1.95],[123.71,-1.95],[123.71,-1.95]]],[[[123.7,-1.95],[123.7,-1.95],[123.7,-1.95],[123.7,-1.95]]],[[[123.71,-1.95],[123.71,-1.95],[123.71,-1.95],[123.71,-1.95]]],[[[123.71,-1.95],[123.71,-1.95],[123.71,-1.95],[123.71,-1.95]]],[[[123.7,-1.95],[123.7,-1.95],[123.7,-1.95],[123.7,-1.95]]],[[[123.7,-1.95],[123.7,-1.95],[123.7,-1.95],[123.7,-1.95]]],[[[123.71,-1.95],[123.71,-1.95],[123.71,-1.95],[123.71,-1.95]]],[[[123.7,-1.95],[123.7,-1.95],[123.7,-1.95],[123.7,-1.95]]],[[[123.48,-1.95],[123.48,-1.95],[123.48,-1.95],[123.48,-1.95]]],[[[123.71,-1.95],[123.71,-1.95],[123.71,-1.95],[123.71,-1.95]]],[[[123.7,-1.95],[123.7,-1.95],[123.7,-1.95],[123.7,-1.95]]],[[[123.71,-1.95],[123.71,-1.95],[123.7,-1.95],[123.71,-1.95]]],[[[123.47,-1.95],[123.47,-1.95],[123.47,-1.95],[123.47,-1.95]]],[[[123.47,-1.95],[123.47,-1.95],[123.47,-1.95],[123.47,-1.95]]],[[[123.72,-1.95],[123.72,-1.95],[123.72,-1.95],[123.72,-1.95]]],[[[123.71,-1.95],[123.71,-1.95],[123.71,-1.95],[123.71,-1.95]]],[[[123.7,-1.95],[123.7,-1.95],[123.7,-1.95],[123.7,-1.95]]],[[[123.71,-1.95],[123.71,-1.95],[123.71,-1.95],[123.71,-1.95]]],[[[123.47,-1.95],[123.47,-1.95],[123.47,-1.95],[123.47,-1.95]]],[[[123.71,-1.95],[123.71,-1.95],[123.71,-1.95],[123.71,-1.95]],[[123.71,-1.95],[123.71,-1.95],[123.71,-1.95],[123.71,-1.95]]],[[[123.71,-1.95],[123.71,-1.95],[123.71,-1.95],[123.71,-1.95]]],[[[123.7,-1.95],[123.7,-1.95],[123.7,-1.95],[123.7,-1.95]]],[[[123.7,-1.95],[123.7,-1.95],[123.7,-1.95],[123.7,-1.95]]],[[[123.71,-1.95],[123.71,-1.95],[123.71,-1.95],[123.71,-1.95]]],[[[123.7,-1.95],[123.7,-1.96],[123.72,-1.96],[123.7,-1.95]]],[[[123.7,-1.95],[123.7,-1.95],[123.7,-1.95],[123.7,-1.95]]],[[[123.65,-1.95],[123.65,-1.95],[123.65,-1.95],[123.65,-1.95]]],[[[123.7,-1.95],[123.7,-1.95],[123.7,-1.95],[123.7,-1.95]]],[[[123.71,-1.95],[123.71,-1.95],[123.71,-1.95],[123.71,-1.95]]],[[[123.72,-1.95],[123.72,-1.95],[123.72,-1.95],[123.72,-1.95]]],[[[123.48,-1.95],[123.48,-1.95],[123.47,-1.95],[123.48,-1.95]]],[[[123.48,-1.95],[123.48,-1.95],[123.48,-1.95],[123.48,-1.95]]],[[[123.71,-1.95],[123.71,-1.95],[123.71,-1.95],[123.71,-1.95]]],[[[123.47,-1.95],[123.47,-1.95],[123.47,-1.95],[123.47,-1.95]]],[[[123.72,-1.95],[123.71,-1.95],[123.72,-1.95],[123.72,-1.95]]],[[[123.72,-1.95],[123.72,-1.95],[123.72,-1.95],[123.72,-1.95]]],[[[123.7,-1.95],[123.7,-1.95],[123.7,-1.95],[123.7,-1.95]]],[[[123.7,-1.95],[123.7,-1.95],[123.7,-1.95],[123.7,-1.95]]],[[[123.7,-1.95],[123.7,-1.95],[123.7,-1.95],[123.7,-1.95]]],[[[123.71,-1.95],[123.71,-1.95],[123.71,-1.95],[123.71,-1.95]]],[[[123.7,-1.95],[123.7,-1.95],[123.7,-1.95],[123.7,-1.95]]],[[[123.71,-1.95],[123.7,-1.95],[123.7,-1.95],[123.71,-1.95]]],[[[123.48,-1.95],[123.48,-1.95],[123.48,-1.95],[123.48,-1.95]]],[[[123.48,-1.95],[123.48,-1.95],[123.48,-1.95],[123.48,-1.95]]],[[[123.73,-1.95],[123.73,-1.95],[123.73,-1.95],[123.73,-1.95]]],[[[123.73,-1.95],[123.73,-1.95],[123.73,-1.95],[123.73,-1.95]]],[[[123.47,-1.95],[123.47,-1.95],[123.47,-1.95],[123.47,-1.95]]],[[[123.47,-1.95],[123.47,-1.95],[123.47,-1.95],[123.47,-1.95]]],[[[123.48,-1.95],[123.48,-1.95],[123.48,-1.95],[123.48,-1.95]]],[[[123.63,-1.95],[123.63,-1.95],[123.63,-1.95],[123.63,-1.95]]],[[[123.48,-1.95],[123.48,-1.95],[123.48,-1.95],[123.48,-1.95]]],[[[123.73,-1.95],[123.73,-1.95],[123.73,-1.95],[123.73,-1.95]]],[[[123.48,-1.95],[123.48,-1.95],[123.48,-1.95],[123.48,-1.95]]],[[[123.63,-1.95],[123.63,-1.95],[123.63,-1.95],[123.63,-1.95]]],[[[123.48,-1.95],[123.48,-1.95],[123.48,-1.95],[123.48,-1.95]]],[[[123.48,-1.95],[123.48,-1.95],[123.48,-1.95],[123.48,-1.95]]],[[[123.48,-1.95],[123.48,-1.95],[123.48,-1.95],[123.48,-1.95]]],[[[123.48,-1.95],[123.48,-1.95],[123.48,-1.95],[123.48,-1.95]]],[[[123.48,-1.95],[123.48,-1.95],[123.48,-1.95],[123.48,-1.95]]],[[[123.63,-1.95],[123.63,-1.95],[123.63,-1.95],[123.63,-1.95]]],[[[123.7,-1.95],[123.7,-1.95],[123.7,-1.95],[123.7,-1.95]]],[[[123.7,-1.95],[123.7,-1.95],[123.7,-1.95],[123.7,-1.95]]],[[[123.63,-1.95],[123.63,-1.95],[123.63,-1.95],[123.63,-1.95]]],[[[123.7,-1.95],[123.7,-1.95],[123.7,-1.95],[123.7,-1.95]]],[[[123.7,-1.95],[123.7,-1.95],[123.7,-1.95],[123.7,-1.95]]],[[[123.7,-1.95],[123.7,-1.95],[123.7,-1.95],[123.7,-1.95]]],[[[123.49,-1.95],[123.48,-1.95],[123.48,-1.95],[123.49,-1.95]]],[[[123.7,-1.95],[123.7,-1.95],[123.7,-1.95],[123.7,-1.95]]],[[[123.7,-1.95],[123.7,-1.95],[123.7,-1.95],[123.7,-1.95]]],[[[123.66,-1.95],[123.66,-1.95],[123.66,-1.95],[123.66,-1.95]]],[[[123.71,-1.95],[123.71,-1.95],[123.71,-1.95],[123.71,-1.95]]],[[[123.71,-1.95],[123.71,-1.95],[123.71,-1.95],[123.71,-1.95]]],[[[123.7,-1.95],[123.7,-1.95],[123.7,-1.95],[123.7,-1.95]]],[[[123.66,-1.95],[123.66,-1.95],[123.66,-1.95],[123.66,-1.95]]],[[[123.66,-1.95],[123.65,-1.96],[123.66,-1.96],[123.66,-1.95]]],[[[123.49,-1.95],[123.49,-1.95],[123.49,-1.95],[123.49,-1.95]]],[[[123.7,-1.95],[123.7,-1.95],[123.7,-1.95],[123.7,-1.95]]],[[[123.7,-1.95],[123.7,-1.95],[123.7,-1.95],[123.7,-1.95]]],[[[123.64,-1.95],[123.63,-1.95],[123.64,-1.95],[123.64,-1.95]]],[[[123.49,-1.95],[123.49,-1.95],[123.49,-1.95],[123.49,-1.95]]],[[[123.7,-1.95],[123.7,-1.95],[123.7,-1.95],[123.7,-1.95]]],[[[123.7,-1.95],[123.7,-1.95],[123.7,-1.95],[123.7,-1.95]]],[[[123.7,-1.95],[123.7,-1.95],[123.7,-1.95],[123.7,-1.95]]],[[[123.49,-1.95],[123.49,-1.95],[123.49,-1.95],[123.49,-1.95]]],[[[123.49,-1.95],[123.49,-1.95],[123.49,-1.95],[123.49,-1.95]]],[[[123.49,-1.95],[123.49,-1.95],[123.49,-1.95],[123.49,-1.95]]],[[[123.49,-1.95],[123.49,-1.95],[123.49,-1.95],[123.49,-1.95]]],[[[123.66,-1.95],[123.66,-1.95],[123.66,-1.95],[123.66,-1.95]]],[[[123.71,-1.95],[123.71,-1.95],[123.71,-1.95],[123.71,-1.95]]],[[[123.7,-1.95],[123.7,-1.95],[123.7,-1.95],[123.7,-1.95]]],[[[123.71,-1.95],[123.71,-1.95],[123.71,-1.95],[123.71,-1.95]]],[[[123.7,-1.95],[123.7,-1.95],[123.7,-1.95],[123.7,-1.95]]],[[[123.7,-1.95],[123.7,-1.95],[123.7,-1.95],[123.7,-1.95]]],[[[123.7,-1.95],[123.7,-1.95],[123.7,-1.95],[123.7,-1.95]]],[[[123.49,-1.95],[123.49,-1.95],[123.49,-1.95],[123.49,-1.95]]],[[[123.7,-1.95],[123.7,-1.95],[123.7,-1.95],[123.7,-1.95]]],[[[123.7,-1.95],[123.7,-1.95],[123.7,-1.95],[123.7,-1.95]]],[[[123.7,-1.95],[123.7,-1.95],[123.7,-1.95],[123.7,-1.95]]],[[[123.7,-1.95],[123.7,-1.95],[123.7,-1.95],[123.7,-1.95]]],[[[123.7,-1.95],[123.7,-1.95],[123.7,-1.95],[123.7,-1.95]]],[[[123.7,-1.95],[123.7,-1.95],[123.7,-1.95],[123.7,-1.95]]],[[[123.7,-1.95],[123.7,-1.95],[123.7,-1.95],[123.7,-1.95]]],[[[123.7,-1.95],[123.7,-1.95],[123.7,-1.95],[123.7,-1.95]]],[[[123.48,-1.95],[123.48,-1.95],[123.48,-1.95],[123.48,-1.95]]],[[[123.71,-1.95],[123.71,-1.95],[123.71,-1.95],[123.71,-1.95]]],[[[123.71,-1.95],[123.71,-1.95],[123.71,-1.95],[123.71,-1.95]]],[[[123.7,-1.95],[123.7,-1.95],[123.7,-1.95],[123.7,-1.95]]],[[[123.7,-1.94],[123.7,-1.95],[123.7,-1.95],[123.7,-1.94]]],[[[123.7,-1.95],[123.7,-1.94],[123.7,-1.95],[123.7,-1.95]]],[[[123.48,-1.94],[123.48,-1.95],[123.48,-1.95],[123.48,-1.94]],[[123.7,-1.95],[123.7,-1.95],[123.7,-1.95],[123.7,-1.95]]],[[[123.7,-1.94],[123.7,-1.94],[123.7,-1.94],[123.7,-1.94]]],[[[123.49,-1.94],[123.49,-1.95],[123.49,-1.95],[123.49,-1.94]]],[[[123.2,-1.95],[123.2,-1.95],[123.2,-1.94],[123.2,-1.95]]],[[[123.7,-1.94],[123.7,-1.94],[123.7,-1.95],[123.7,-1.94]]],[[[123.7,-1.94],[123.7,-1.95],[123.7,-1.94],[123.7,-1.94]]],[[[123.7,-1.94],[123.7,-1.94],[123.7,-1.94],[123.7,-1.94]]],[[[123.7,-1.95],[123.7,-1.95],[123.7,-1.95],[123.7,-1.95]]],[[[123.7,-1.94],[123.7,-1.94],[123.7,-1.94],[123.7,-1.94]]],[[[123.7,-1.94],[123.7,-1.94],[123.7,-1.95],[123.7,-1.94]]],[[[123.7,-1.94],[123.7,-1.94],[123.7,-1.94],[123.7,-1.94]]],[[[123.7,-1.94],[123.7,-1.94],[123.7,-1.94],[123.7,-1.94]]],[[[123.66,-1.95],[123.66,-1.94],[123.66,-1.95],[123.66,-1.95]]],[[[123.7,-1.94],[123.7,-1.94],[123.7,-1.94],[123.7,-1.94]]],[[[123.7,-1.94],[123.7,-1.94],[123.7,-1.94],[123.7,-1.94]]],[[[123.48,-1.94],[123.48,-1.94],[123.48,-1.95],[123.48,-1.94]]],[[[123.7,-1.94],[123.7,-1.94],[123.7,-1.94],[123.7,-1.94]]],[[[123.7,-1.94],[123.7,-1.94],[123.7,-1.94],[123.7,-1.94]]],[[[123.48,-1.94],[123.48,-1.94],[123.48,-1.94],[123.48,-1.94]]],[[[123.48,-1.94],[123.48,-1.94],[123.48,-1.94],[123.48,-1.94]]],[[[123.49,-1.94],[123.49,-1.94],[123.49,-1.94],[123.49,-1.94]]],[[[123.49,-1.94],[123.49,-1.94],[123.49,-1.95],[123.49,-1.94]]],[[[123.7,-1.94],[123.7,-1.94],[123.7,-1.94],[123.7,-1.94]]],[[[123.49,-1.94],[123.49,-1.94],[123.49,-1.94],[123.49,-1.94]]],[[[123.49,-1.94],[123.49,-1.94],[123.49,-1.94],[123.49,-1.94]]],[[[123.48,-1.94],[123.48,-1.94],[123.48,-1.94],[123.48,-1.94]]],[[[123.48,-1.94],[123.48,-1.94],[123.48,-1.94],[123.48,-1.94]]],[[[123.66,-1.94],[123.66,-1.94],[123.66,-1.94],[123.66,-1.94]]],[[[123.47,-1.94],[123.47,-1.94],[123.47,-1.94],[123.47,-1.94]]],[[[123.47,-1.94],[123.47,-1.94],[123.47,-1.94],[123.47,-1.94]]],[[[123.66,-1.94],[123.66,-1.94],[123.66,-1.94],[123.66,-1.94]]],[[[123.48,-1.94],[123.48,-1.94],[123.48,-1.94],[123.48,-1.94]]],[[[123.7,-1.94],[123.7,-1.94],[123.7,-1.94],[123.7,-1.94]]],[[[123.48,-1.94],[123.48,-1.94],[123.48,-1.94],[123.48,-1.94]]],[[[123.7,-1.94],[123.7,-1.94],[123.7,-1.94],[123.7,-1.94]]],[[[123.48,-1.94],[123.48,-1.94],[123.48,-1.94],[123.48,-1.94]]],[[[123.48,-1.94],[123.48,-1.94],[123.48,-1.94],[123.48,-1.94]]],[[[123.48,-1.94],[123.48,-1.94],[123.47,-1.94],[123.48,-1.94]]],[[[123.48,-1.94],[123.48,-1.94],[123.48,-1.94],[123.48,-1.94]]],[[[123.48,-1.94],[123.48,-1.94],[123.48,-1.94],[123.48,-1.94]]],[[[123.48,-1.94],[123.48,-1.94],[123.48,-1.94],[123.48,-1.94]]],[[[123.48,-1.94],[123.48,-1.94],[123.48,-1.94],[123.48,-1.94]]],[[[123.48,-1.94],[123.47,-1.94],[123.47,-1.94],[123.48,-1.94]]],[[[123.69,-1.95],[123.69,-1.94],[123.69,-1.95],[123.69,-1.95]]],[[[123.47,-1.94],[123.47,-1.94],[123.47,-1.94],[123.47,-1.94]]],[[[123.48,-1.94],[123.48,-1.94],[123.48,-1.94],[123.48,-1.94]]],[[[123.48,-1.94],[123.48,-1.94],[123.48,-1.94],[123.48,-1.94]]],[[[123.48,-1.94],[123.48,-1.94],[123.48,-1.94],[123.48,-1.94]]],[[[123.63,-1.94],[123.63,-1.95],[123.63,-1.95],[123.63,-1.94]]],[[[123.7,-1.94],[123.7,-1.94],[123.7,-1.94],[123.7,-1.94]]],[[[123.7,-1.94],[123.7,-1.94],[123.7,-1.94],[123.7,-1.94]]],[[[123.7,-1.94],[123.7,-1.94],[123.7,-1.94],[123.7,-1.94]]],[[[123.7,-1.94],[123.7,-1.94],[123.7,-1.94],[123.7,-1.94]]],[[[123.48,-1.94],[123.48,-1.94],[123.48,-1.94],[123.48,-1.94]]],[[[123.49,-1.94],[123.49,-1.94],[123.49,-1.94],[123.49,-1.94]]],[[[123.48,-1.94],[123.48,-1.94],[123.48,-1.94],[123.48,-1.94]]],[[[123.48,-1.94],[123.48,-1.94],[123.48,-1.94],[123.48,-1.94]]],[[[123.48,-1.94],[123.48,-1.94],[123.48,-1.94],[123.48,-1.94]]],[[[123.48,-1.94],[123.48,-1.94],[123.48,-1.94],[123.48,-1.94]]],[[[123.48,-1.94],[123.48,-1.94],[123.48,-1.94],[123.48,-1.94]]],[[[123.48,-1.94],[123.48,-1.94],[123.48,-1.94],[123.48,-1.94]]],[[[123.48,-1.94],[123.48,-1.94],[123.48,-1.94],[123.48,-1.94]]],[[[123.48,-1.94],[123.48,-1.94],[123.48,-1.94],[123.48,-1.94]]],[[[123.48,-1.94],[123.48,-1.94],[123.48,-1.94],[123.48,-1.94]]],[[[123.48,-1.94],[123.48,-1.94],[123.48,-1.94],[123.48,-1.94]]],[[[123.48,-1.94],[123.48,-1.94],[123.48,-1.94],[123.48,-1.94]]],[[[123.48,-1.94],[123.48,-1.94],[123.48,-1.94],[123.48,-1.94]]],[[[123.48,-1.94],[123.48,-1.94],[123.48,-1.94],[123.48,-1.94]]],[[[123.48,-1.94],[123.48,-1.94],[123.48,-1.94],[123.48,-1.94]]],[[[123.48,-1.94],[123.48,-1.94],[123.48,-1.94],[123.48,-1.94]]],[[[123.7,-1.94],[123.7,-1.94],[123.7,-1.94],[123.7,-1.94]]],[[[123.49,-1.94],[123.49,-1.94],[123.49,-1.94],[123.49,-1.94]]],[[[123.48,-1.94],[123.48,-1.94],[123.48,-1.94],[123.48,-1.94]]],[[[123.48,-1.94],[123.48,-1.94],[123.48,-1.94],[123.48,-1.94]]],[[[123.48,-1.94],[123.48,-1.94],[123.48,-1.94],[123.48,-1.94]]],[[[123.7,-1.94],[123.7,-1.94],[123.7,-1.94],[123.7,-1.94]]],[[[123.48,-1.94],[123.48,-1.94],[123.48,-1.94],[123.48,-1.94]]],[[[123.48,-1.94],[123.48,-1.94],[123.48,-1.94],[123.48,-1.94]]],[[[123.7,-1.94],[123.7,-1.94],[123.7,-1.94],[123.7,-1.94]]],[[[123.49,-1.94],[123.49,-1.94],[123.49,-1.94],[123.49,-1.94]]],[[[123.7,-1.94],[123.7,-1.94],[123.7,-1.94],[123.7,-1.94]]],[[[123.7,-1.94],[123.7,-1.94],[123.7,-1.94],[123.7,-1.94]]],[[[123.48,-1.94],[123.48,-1.94],[123.48,-1.94],[123.48,-1.94]]],[[[123.49,-1.94],[123.48,-1.95],[123.49,-1.95],[123.49,-1.94]]],[[[123.48,-1.94],[123.48,-1.94],[123.48,-1.94],[123.48,-1.94]]],[[[123.7,-1.94],[123.7,-1.94],[123.7,-1.94],[123.7,-1.94]]],[[[123.49,-1.94],[123.49,-1.94],[123.49,-1.94],[123.49,-1.94]]],[[[123.48,-1.94],[123.48,-1.94],[123.48,-1.94],[123.48,-1.94]]],[[[123.48,-1.94],[123.48,-1.94],[123.48,-1.94],[123.48,-1.94]]],[[[123.48,-1.94],[123.48,-1.94],[123.48,-1.94],[123.48,-1.94]]],[[[123.48,-1.94],[123.48,-1.94],[123.48,-1.94],[123.48,-1.94]]],[[[123.48,-1.94],[123.48,-1.94],[123.48,-1.94],[123.48,-1.94]]],[[[123.48,-1.94],[123.48,-1.94],[123.48,-1.94],[123.48,-1.94]]],[[[123.48,-1.94],[123.48,-1.94],[123.48,-1.94],[123.48,-1.94]]],[[[123.48,-1.94],[123.48,-1.94],[123.48,-1.94],[123.48,-1.94]]],[[[123.48,-1.94],[123.48,-1.94],[123.48,-1.94],[123.48,-1.94]]],[[[123.48,-1.94],[123.48,-1.94],[123.48,-1.94],[123.48,-1.94]]],[[[123.48,-1.94],[123.48,-1.94],[123.48,-1.94],[123.48,-1.94]]],[[[123.49,-1.94],[123.49,-1.94],[123.48,-1.94],[123.49,-1.94]]],[[[123.48,-1.94],[123.48,-1.94],[123.48,-1.94],[123.48,-1.94]]],[[[123.48,-1.94],[123.48,-1.94],[123.48,-1.94],[123.48,-1.94]]],[[[123.48,-1.94],[123.48,-1.94],[123.48,-1.94],[123.48,-1.94]]],[[[123.48,-1.94],[123.48,-1.94],[123.48,-1.94],[123.48,-1.94]]],[[[123.48,-1.94],[123.48,-1.94],[123.48,-1.94],[123.48,-1.94]]],[[[123.48,-1.94],[123.48,-1.94],[123.48,-1.94],[123.48,-1.94]]],[[[123.48,-1.94],[123.48,-1.94],[123.48,-1.94],[123.48,-1.94]]],[[[123.48,-1.94],[123.48,-1.94],[123.48,-1.94],[123.48,-1.94]]],[[[123.48,-1.94],[123.48,-1.94],[123.48,-1.94],[123.48,-1.94]]],[[[123.48,-1.94],[123.48,-1.94],[123.48,-1.94],[123.48,-1.94]]],[[[123.48,-1.94],[123.48,-1.94],[123.48,-1.94],[123.48,-1.94]]],[[[123.48,-1.94],[123.48,-1.94],[123.48,-1.94],[123.48,-1.94]]],[[[123.7,-1.94],[123.7,-1.94],[123.7,-1.94],[123.7,-1.94]]],[[[123.49,-1.94],[123.48,-1.94],[123.49,-1.94],[123.49,-1.94]]],[[[123.48,-1.94],[123.48,-1.94],[123.48,-1.94],[123.48,-1.94]]],[[[123.48,-1.94],[123.48,-1.94],[123.48,-1.94],[123.48,-1.94]]],[[[123.49,-1.94],[123.49,-1.94],[123.49,-1.94],[123.49,-1.94]]],[[[123.48,-1.94],[123.48,-1.94],[123.48,-1.94],[123.48,-1.94]]],[[[123.48,-1.94],[123.48,-1.94],[123.48,-1.94],[123.48,-1.94]]],[[[123.49,-1.94],[123.49,-1.94],[123.49,-1.94],[123.49,-1.94]]],[[[123.48,-1.94],[123.48,-1.94],[123.48,-1.94],[123.48,-1.94]]],[[[123.7,-1.94],[123.7,-1.94],[123.7,-1.94],[123.7,-1.94]]],[[[123.49,-1.94],[123.48,-1.94],[123.48,-1.94],[123.49,-1.94]]],[[[123.48,-1.94],[123.48,-1.94],[123.48,-1.94],[123.48,-1.94]]],[[[123.49,-1.94],[123.49,-1.94],[123.49,-1.94],[123.49,-1.94]]],[[[123.48,-1.94],[123.48,-1.94],[123.48,-1.94],[123.48,-1.94]]],[[[123.49,-1.94],[123.49,-1.94],[123.49,-1.94],[123.49,-1.94]]],[[[123.48,-1.94],[123.48,-1.94],[123.48,-1.94],[123.48,-1.94]]],[[[123.48,-1.94],[123.48,-1.94],[123.48,-1.94],[123.48,-1.94]]],[[[123.48,-1.94],[123.48,-1.94],[123.48,-1.94],[123.48,-1.94]]],[[[123.48,-1.94],[123.47,-1.95],[123.48,-1.95],[123.48,-1.94]]],[[[123.48,-1.94],[123.48,-1.94],[123.48,-1.94],[123.48,-1.94]]],[[[123.48,-1.94],[123.48,-1.94],[123.48,-1.94],[123.48,-1.94]]],[[[123.48,-1.94],[123.48,-1.94],[123.48,-1.94],[123.48,-1.94]]],[[[123.49,-1.94],[123.49,-1.94],[123.49,-1.94],[123.49,-1.94]]],[[[123.48,-1.94],[123.48,-1.94],[123.48,-1.94],[123.48,-1.94]]],[[[123.7,-1.94],[123.7,-1.94],[123.7,-1.94],[123.7,-1.94]]],[[[123.29,-1.94],[123.29,-1.94],[123.29,-1.94],[123.29,-1.94]]],[[[123.48,-1.94],[123.48,-1.94],[123.48,-1.94],[123.48,-1.94]]],[[[123.48,-1.94],[123.48,-1.94],[123.48,-1.94],[123.48,-1.94]]],[[[123.48,-1.94],[123.48,-1.94],[123.48,-1.94],[123.48,-1.94]]],[[[123.48,-1.94],[123.48,-1.94],[123.48,-1.94],[123.48,-1.94]]],[[[123.48,-1.94],[123.48,-1.94],[123.48,-1.94],[123.48,-1.94]]],[[[123.48,-1.94],[123.48,-1.94],[123.48,-1.94],[123.48,-1.94]]],[[[123.48,-1.94],[123.48,-1.94],[123.48,-1.94],[123.48,-1.94]]],[[[123.49,-1.94],[123.48,-1.94],[123.49,-1.94],[123.49,-1.94]]],[[[123.48,-1.94],[123.48,-1.94],[123.48,-1.94],[123.48,-1.94]]],[[[123.7,-1.94],[123.7,-1.94],[123.7,-1.94],[123.7,-1.94]]],[[[123.48,-1.94],[123.48,-1.94],[123.48,-1.94],[123.48,-1.94]]],[[[123.63,-1.94],[123.63,-1.94],[123.63,-1.94],[123.63,-1.94]]],[[[123.7,-1.94],[123.7,-1.93],[123.7,-1.94],[123.7,-1.94]]],[[[123.7,-1.94],[123.7,-1.94],[123.7,-1.94],[123.7,-1.94]]],[[[123.64,-1.93],[123.64,-1.93],[123.64,-1.93],[123.64,-1.93]]],[[[123.63,-1.94],[123.64,-1.94],[123.63,-1.93],[123.63,-1.94]]],[[[123.64,-1.93],[123.64,-1.93],[123.64,-1.93],[123.64,-1.93]]],[[[123.7,-1.93],[123.7,-1.93],[123.7,-1.93],[123.7,-1.93]]],[[[123.54,-1.93],[123.54,-1.93],[123.54,-1.93],[123.54,-1.93]]],[[[123.64,-1.93],[123.64,-1.93],[123.64,-1.93],[123.64,-1.93]]],[[[123.74,-1.93],[123.73,-1.93],[123.74,-1.93],[123.74,-1.93]]],[[[123.7,-1.93],[123.7,-1.93],[123.7,-1.93],[123.7,-1.93]]],[[[123.53,-1.93],[123.53,-1.93],[123.53,-1.93],[123.53,-1.93]]],[[[123.7,-1.93],[123.7,-1.93],[123.7,-1.93],[123.7,-1.93]]],[[[123.53,-1.93],[123.53,-1.93],[123.53,-1.93],[123.53,-1.93]]],[[[123.64,-1.93],[123.64,-1.93],[123.64,-1.93],[123.64,-1.93]]],[[[123.64,-1.93],[123.64,-1.93],[123.64,-1.93],[123.64,-1.93]]],[[[123.53,-1.93],[123.53,-1.93],[123.53,-1.93],[123.53,-1.93]]],[[[123.7,-1.93],[123.7,-1.93],[123.7,-1.93],[123.7,-1.93]]],[[[123.64,-1.93],[123.64,-1.93],[123.64,-1.93],[123.64,-1.93]]],[[[123.64,-1.93],[123.64,-1.93],[123.64,-1.93],[123.64,-1.93]]],[[[123.64,-1.93],[123.64,-1.94],[123.64,-1.93],[123.64,-1.93]]],[[[123.64,-1.93],[123.64,-1.93],[123.64,-1.93],[123.64,-1.93]]],[[[123.64,-1.93],[123.64,-1.93],[123.64,-1.93],[123.64,-1.93]]],[[[123.53,-1.93],[123.53,-1.94],[123.54,-1.93],[123.53,-1.93]]],[[[123.7,-1.93],[123.7,-1.93],[123.7,-1.93],[123.7,-1.93]]],[[[123.57,-1.93],[123.57,-1.93],[123.56,-1.93],[123.57,-1.93]]],[[[123.64,-1.93],[123.64,-1.93],[123.64,-1.93],[123.64,-1.93]]],[[[123.57,-1.93],[123.57,-1.93],[123.57,-1.93],[123.57,-1.93]]],[[[123.54,-1.93],[123.54,-1.93],[123.54,-1.93],[123.54,-1.93]]],[[[123.54,-1.93],[123.54,-1.93],[123.53,-1.93],[123.54,-1.93]]],[[[123.53,-1.93],[123.53,-1.93],[123.53,-1.93],[123.53,-1.93]]],[[[123.54,-1.93],[123.54,-1.93],[123.54,-1.93],[123.54,-1.93]]],[[[123.57,-1.93],[123.57,-1.93],[123.57,-1.93],[123.57,-1.93]]],[[[123.54,-1.93],[123.54,-1.93],[123.54,-1.93],[123.54,-1.93]]],[[[123.54,-1.93],[123.54,-1.93],[123.54,-1.93],[123.54,-1.93]]],[[[123.53,-1.93],[123.53,-1.93],[123.53,-1.93],[123.53,-1.93]]],[[[123.54,-1.93],[123.54,-1.93],[123.54,-1.93],[123.54,-1.93]]],[[[123.53,-1.93],[123.53,-1.93],[123.53,-1.93],[123.53,-1.93]]],[[[123.54,-1.93],[123.54,-1.93],[123.54,-1.93],[123.54,-1.93]]],[[[123.54,-1.93],[123.54,-1.93],[123.54,-1.93],[123.54,-1.93]]],[[[123.64,-1.93],[123.64,-1.93],[123.64,-1.93],[123.64,-1.93]]],[[[123.71,-1.93],[123.7,-1.93],[123.7,-1.93],[123.71,-1.93]]],[[[123.71,-1.92],[123.71,-1.93],[123.71,-1.93],[123.71,-1.92]]],[[[123.68,-1.92],[123.68,-1.92],[123.68,-1.92],[123.68,-1.92]]],[[[123.53,-1.92],[123.53,-1.92],[123.53,-1.92],[123.53,-1.92]]],[[[123.53,-1.92],[123.53,-1.92],[123.53,-1.92],[123.53,-1.92]]],[[[123.64,-1.92],[123.64,-1.92],[123.64,-1.93],[123.64,-1.92]]],[[[123.53,-1.92],[123.53,-1.92],[123.53,-1.92],[123.53,-1.92]]],[[[123.64,-1.92],[123.64,-1.92],[123.64,-1.93],[123.64,-1.92]]],[[[123.53,-1.92],[123.53,-1.92],[123.53,-1.92],[123.53,-1.92]]],[[[123.64,-1.92],[123.64,-1.92],[123.64,-1.92],[123.64,-1.92]]],[[[123.15,-1.93],[123.16,-1.92],[123.14,-1.93],[123.15,-1.93]]],[[[123.64,-1.92],[123.64,-1.92],[123.64,-1.92],[123.64,-1.92]]],[[[123.69,-1.92],[123.69,-1.92],[123.69,-1.92],[123.69,-1.92]]],[[[123.69,-1.92],[123.69,-1.92],[123.69,-1.92],[123.69,-1.92]]],[[[123.64,-1.92],[123.64,-1.92],[123.64,-1.92],[123.64,-1.92]]],[[[123.54,-1.91],[123.54,-1.91],[123.54,-1.91],[123.54,-1.91]]],[[[123.54,-1.91],[123.54,-1.91],[123.54,-1.91],[123.54,-1.91]]],[[[123.54,-1.91],[123.54,-1.91],[123.54,-1.91],[123.54,-1.91]]],[[[123.54,-1.91],[123.54,-1.91],[123.54,-1.91],[123.54,-1.91]]],[[[123.54,-1.91],[123.54,-1.91],[123.54,-1.91],[123.54,-1.91]]],[[[123.54,-1.91],[123.54,-1.91],[123.54,-1.91],[123.54,-1.91]]],[[[123.54,-1.91],[123.54,-1.91],[123.54,-1.91],[123.54,-1.91]]],[[[123.54,-1.91],[123.54,-1.91],[123.54,-1.91],[123.54,-1.91]]],[[[123.54,-1.91],[123.54,-1.91],[123.54,-1.91],[123.54,-1.91]]],[[[123.54,-1.91],[123.54,-1.91],[123.54,-1.91],[123.54,-1.91]]],[[[123.54,-1.91],[123.54,-1.91],[123.54,-1.91],[123.54,-1.91]]],[[[123.54,-1.91],[123.54,-1.91],[123.54,-1.91],[123.54,-1.91]]],[[[123.82,-1.91],[123.82,-1.91],[123.82,-1.91],[123.82,-1.91]]],[[[123.54,-1.91],[123.54,-1.91],[123.54,-1.91],[123.54,-1.91]]],[[[123.54,-1.91],[123.54,-1.91],[123.54,-1.91],[123.54,-1.91]]],[[[123.54,-1.91],[123.54,-1.91],[123.54,-1.91],[123.54,-1.91]]],[[[123.54,-1.91],[123.54,-1.91],[123.54,-1.91],[123.54,-1.91]]],[[[123.54,-1.91],[123.54,-1.91],[123.54,-1.91],[123.54,-1.91]]],[[[123.54,-1.91],[123.54,-1.91],[123.54,-1.91],[123.54,-1.91]]],[[[123.54,-1.91],[123.53,-1.93],[123.54,-1.92],[123.54,-1.91]]],[[[123.54,-1.91],[123.54,-1.91],[123.54,-1.91],[123.54,-1.91]]],[[[123.54,-1.91],[123.54,-1.91],[123.54,-1.91],[123.54,-1.91]]],[[[123.67,-1.92],[123.67,-1.91],[123.67,-1.91],[123.67,-1.92]]],[[[123.54,-1.91],[123.54,-1.91],[123.54,-1.91],[123.54,-1.91]]],[[[123.67,-1.91],[123.67,-1.91],[123.67,-1.91],[123.67,-1.91]]],[[[123.64,-1.91],[123.64,-1.91],[123.64,-1.91],[123.64,-1.91]]],[[[123.64,-1.91],[123.64,-1.91],[123.64,-1.91],[123.64,-1.91]]],[[[123.64,-1.91],[123.64,-1.91],[123.64,-1.91],[123.64,-1.91]]],[[[123.64,-1.91],[123.64,-1.91],[123.64,-1.91],[123.64,-1.91]]],[[[123.67,-1.91],[123.67,-1.91],[123.67,-1.91],[123.67,-1.91]]],[[[123.64,-1.91],[123.64,-1.91],[123.64,-1.91],[123.64,-1.91]]],[[[123.14,-1.91],[123.14,-1.91],[123.14,-1.91],[123.14,-1.91]]],[[[123.68,-1.91],[123.68,-1.91],[123.68,-1.91],[123.68,-1.91]]],[[[123.68,-1.91],[123.68,-1.91],[123.68,-1.91],[123.68,-1.91]]],[[[123.65,-1.91],[123.65,-1.91],[123.65,-1.91],[123.65,-1.91]]],[[[123.64,-1.91],[123.64,-1.9],[123.63,-1.91],[123.64,-1.91]]],[[[123.77,-1.9],[123.77,-1.93],[123.78,-1.92],[123.77,-1.9]]],[[[123.73,-1.9],[123.7,-1.93],[123.73,-1.96],[123.73,-1.9]]],[[[123.69,-1.9],[123.69,-1.9],[123.69,-1.9],[123.69,-1.9]]],[[[123.65,-1.9],[123.65,-1.96],[123.66,-1.94],[123.65,-1.9]]],[[[123.09,-1.9],[123.09,-1.9],[123.09,-1.9],[123.09,-1.9]]],[[[123.09,-1.9],[123.09,-1.9],[123.09,-1.9],[123.09,-1.9]]],[[[123.09,-1.9],[123.09,-1.9],[123.09,-1.9],[123.09,-1.9]]],[[[123.09,-1.9],[123.09,-1.9],[123.09,-1.9],[123.09,-1.9]]],[[[123.09,-1.9],[123.09,-1.9],[123.09,-1.9],[123.09,-1.9]]],[[[123.09,-1.9],[123.09,-1.9],[123.09,-1.9],[123.09,-1.9]]],[[[123.18,-1.9],[123.18,-1.9],[123.19,-1.9],[123.18,-1.9]]],[[[123.69,-1.9],[123.68,-1.9],[123.69,-1.9],[123.69,-1.9]]],[[[123.69,-1.9],[123.69,-1.9],[123.69,-1.9],[123.69,-1.9]]],[[[123.69,-1.9],[123.69,-1.89],[123.69,-1.9],[123.69,-1.9]]],[[[123.1,-1.89],[123.1,-1.89],[123.1,-1.89],[123.1,-1.89]]],[[[123.37,-1.89],[123.37,-1.89],[123.37,-1.89],[123.37,-1.89]]],[[[123.37,-1.89],[123.37,-1.89],[123.37,-1.89],[123.37,-1.89]]],[[[123.37,-1.89],[123.37,-1.89],[123.37,-1.89],[123.37,-1.89]]],[[[123.68,-1.89],[123.68,-1.9],[123.68,-1.89],[123.68,-1.89]]],[[[123.37,-1.89],[123.37,-1.89],[123.37,-1.89],[123.37,-1.89]]],[[[123.37,-1.89],[123.37,-1.89],[123.37,-1.89],[123.37,-1.89]]],[[[123.37,-1.89],[123.37,-1.89],[123.37,-1.89],[123.37,-1.89]]],[[[123.37,-1.89],[123.37,-1.89],[123.37,-1.89],[123.37,-1.89]]],[[[123.37,-1.89],[123.37,-1.89],[123.37,-1.89],[123.37,-1.89]]],[[[123.37,-1.89],[123.37,-1.89],[123.37,-1.89],[123.37,-1.89]]],[[[123.81,-1.89],[123.81,-1.89],[123.81,-1.89],[123.81,-1.89]]],[[[123.38,-1.89],[123.38,-1.89],[123.38,-1.89],[123.38,-1.89]]],[[[123.7,-1.89],[123.7,-1.89],[123.7,-1.89],[123.7,-1.89]]],[[[123.37,-1.89],[123.37,-1.89],[123.37,-1.89],[123.37,-1.89]]],[[[123.37,-1.89],[123.37,-1.89],[123.37,-1.89],[123.37,-1.89]]],[[[123.37,-1.89],[123.37,-1.89],[123.37,-1.89],[123.37,-1.89]]],[[[123.37,-1.89],[123.37,-1.89],[123.37,-1.89],[123.37,-1.89]]],[[[123.38,-1.89],[123.38,-1.89],[123.38,-1.89],[123.38,-1.89]]],[[[123.37,-1.89],[123.37,-1.89],[123.37,-1.89],[123.37,-1.89]]],[[[123.37,-1.89],[123.37,-1.89],[123.37,-1.89],[123.37,-1.89]]],[[[123.37,-1.89],[123.37,-1.89],[123.37,-1.89],[123.37,-1.89]]],[[[123.37,-1.89],[123.37,-1.89],[123.37,-1.89],[123.37,-1.89]]],[[[123.37,-1.89],[123.37,-1.89],[123.37,-1.89],[123.37,-1.89]]],[[[123.38,-1.89],[123.38,-1.89],[123.38,-1.89],[123.38,-1.89]]],[[[123.37,-1.89],[123.37,-1.89],[123.37,-1.89],[123.37,-1.89]]],[[[123.68,-1.89],[123.68,-1.89],[123.68,-1.89],[123.68,-1.89]]],[[[123.38,-1.89],[123.38,-1.89],[123.38,-1.89],[123.38,-1.89]]],[[[123.38,-1.89],[123.38,-1.89],[123.38,-1.89],[123.38,-1.89]]],[[[123.38,-1.89],[123.38,-1.89],[123.38,-1.89],[123.38,-1.89]]],[[[123.38,-1.89],[123.38,-1.89],[123.38,-1.88],[123.38,-1.89]]],[[[123.38,-1.89],[123.38,-1.88],[123.38,-1.88],[123.38,-1.89]]],[[[123.38,-1.88],[123.38,-1.88],[123.38,-1.89],[123.38,-1.88]]],[[[123.06,-1.89],[123.06,-1.88],[123.06,-1.89],[123.06,-1.89]]],[[[123.38,-1.88],[123.38,-1.88],[123.38,-1.89],[123.38,-1.88]]],[[[123.38,-1.88],[123.38,-1.88],[123.38,-1.88],[123.38,-1.88]]],[[[123.38,-1.88],[123.38,-1.88],[123.38,-1.88],[123.38,-1.88]]],[[[123.38,-1.88],[123.38,-1.88],[123.38,-1.88],[123.38,-1.88]]],[[[123.38,-1.88],[123.38,-1.88],[123.38,-1.88],[123.38,-1.88]]],[[[123.38,-1.88],[123.38,-1.89],[123.38,-1.88],[123.38,-1.88]]],[[[123.38,-1.88],[123.38,-1.88],[123.38,-1.88],[123.38,-1.88]]],[[[123.38,-1.88],[123.38,-1.88],[123.38,-1.88],[123.38,-1.88]]],[[[123.38,-1.88],[123.38,-1.88],[123.38,-1.88],[123.38,-1.88]]],[[[123.38,-1.88],[123.38,-1.88],[123.38,-1.88],[123.38,-1.88]]],[[[123.38,-1.88],[123.38,-1.88],[123.38,-1.88],[123.38,-1.88]]],[[[123.38,-1.88],[123.38,-1.88],[123.38,-1.88],[123.38,-1.88]]],[[[123.38,-1.88],[123.38,-1.88],[123.38,-1.88],[123.38,-1.88]]],[[[123.38,-1.88],[123.38,-1.88],[123.38,-1.88],[123.38,-1.88]]],[[[123.38,-1.88],[123.38,-1.88],[123.38,-1.88],[123.38,-1.88]]],[[[123.38,-1.88],[123.38,-1.88],[123.38,-1.88],[123.38,-1.88]]],[[[123.06,-1.88],[123.06,-1.88],[123.06,-1.88],[123.06,-1.88]]],[[[123.38,-1.88],[123.38,-1.88],[123.38,-1.88],[123.38,-1.88]]],[[[123.38,-1.88],[123.38,-1.88],[123.38,-1.88],[123.38,-1.88]]],[[[123.38,-1.88],[123.38,-1.88],[123.38,-1.88],[123.38,-1.88]]],[[[123.38,-1.88],[123.38,-1.88],[123.38,-1.88],[123.38,-1.88]]],[[[123.38,-1.88],[123.38,-1.88],[123.38,-1.88],[123.38,-1.88]]],[[[123.38,-1.88],[123.38,-1.88],[123.38,-1.88],[123.38,-1.88]]],[[[123.38,-1.88],[123.38,-1.88],[123.38,-1.88],[123.38,-1.88]]],[[[123.67,-1.88],[123.66,-1.89],[123.68,-1.93],[123.67,-1.88]]],[[[123.38,-1.88],[123.38,-1.88],[123.38,-1.88],[123.38,-1.88]]],[[[123.38,-1.88],[123.38,-1.88],[123.38,-1.88],[123.38,-1.88]]],[[[123.38,-1.88],[123.38,-1.88],[123.38,-1.88],[123.38,-1.88]]],[[[123.38,-1.88],[123.38,-1.88],[123.38,-1.88],[123.38,-1.88]]],[[[123.38,-1.88],[123.38,-1.88],[123.38,-1.88],[123.38,-1.88]]],[[[123.38,-1.88],[123.38,-1.88],[123.38,-1.88],[123.38,-1.88]]],[[[123.78,-1.88],[123.82,-2.03],[123.86,-1.98],[123.78,-1.88]]],[[[123.38,-1.88],[123.38,-1.88],[123.38,-1.88],[123.38,-1.88]]],[[[123.38,-1.88],[123.38,-1.88],[123.38,-1.88],[123.38,-1.88]]],[[[123.38,-1.88],[123.38,-1.88],[123.38,-1.88],[123.38,-1.88]]],[[[123.38,-1.88],[123.38,-1.88],[123.38,-1.88],[123.38,-1.88]]],[[[123.7,-1.88],[123.7,-1.88],[123.7,-1.88],[123.7,-1.88]]],[[[123.38,-1.88],[123.38,-1.88],[123.38,-1.88],[123.38,-1.88]]],[[[123.11,-1.88],[123.11,-1.88],[123.11,-1.88],[123.11,-1.88]]],[[[123.11,-1.88],[123.11,-1.88],[123.11,-1.88],[123.11,-1.88]]],[[[123.11,-1.88],[123.11,-1.87],[123.11,-1.88],[123.11,-1.88]]],[[[123.7,-1.87],[123.7,-1.87],[123.7,-1.87],[123.7,-1.87]]],[[[123.69,-1.87],[123.69,-1.87],[123.69,-1.87],[123.69,-1.87]]],[[[123.69,-1.87],[123.69,-1.87],[123.69,-1.87],[123.69,-1.87]]],[[[123.69,-1.87],[123.69,-1.87],[123.69,-1.87],[123.69,-1.87]]],[[[123.37,-1.87],[123.37,-1.87],[123.37,-1.87],[123.37,-1.87]]],[[[123.37,-1.87],[123.37,-1.87],[123.37,-1.87],[123.37,-1.87]]],[[[123.37,-1.87],[123.37,-1.87],[123.37,-1.87],[123.37,-1.87]]],[[[123.7,-1.87],[123.69,-1.87],[123.69,-1.87],[123.7,-1.87]]],[[[123.13,-1.87],[123.13,-1.87],[123.13,-1.87],[123.13,-1.87]]],[[[123.13,-1.87],[123.13,-1.87],[123.13,-1.87],[123.13,-1.87]]],[[[123.36,-1.87],[123.36,-1.87],[123.37,-1.89],[123.36,-1.87]]],[[[123.13,-1.87],[123.13,-1.87],[123.13,-1.87],[123.13,-1.87]]],[[[123.38,-1.87],[123.38,-1.87],[123.38,-1.87],[123.38,-1.87]]],[[[123.38,-1.86],[123.38,-1.87],[123.38,-1.87],[123.38,-1.86]]],[[[123.38,-1.87],[123.38,-1.86],[123.38,-1.86],[123.38,-1.87]]],[[[123.76,-1.86],[123.76,-1.88],[123.77,-1.89],[123.76,-1.86]]],[[[123.37,-1.86],[123.37,-1.86],[123.37,-1.87],[123.37,-1.86]]],[[[123.13,-1.86],[123.13,-1.86],[123.13,-1.86],[123.13,-1.86]]],[[[123.69,-1.86],[123.68,-1.87],[123.69,-1.91],[123.69,-1.86]]],[[[123.14,-1.86],[123.14,-1.86],[123.14,-1.86],[123.14,-1.86]]],[[[123.14,-1.86],[123.14,-1.86],[123.14,-1.86],[123.14,-1.86]]],[[[123.14,-1.86],[123.14,-1.86],[123.14,-1.86],[123.14,-1.86]]],[[[123.14,-1.86],[123.14,-1.86],[123.14,-1.86],[123.14,-1.86]]],[[[123.14,-1.86],[123.14,-1.86],[123.14,-1.86],[123.14,-1.86]]],[[[123.14,-1.86],[123.14,-1.86],[123.14,-1.86],[123.14,-1.86]]],[[[123.14,-1.86],[123.14,-1.86],[123.14,-1.86],[123.14,-1.86]]],[[[123.14,-1.85],[123.14,-1.85],[123.14,-1.85],[123.14,-1.85]]],[[[123.15,-1.85],[123.15,-1.85],[123.15,-1.85],[123.15,-1.85]]],[[[123.15,-1.85],[123.15,-1.85],[123.14,-1.85],[123.15,-1.85]]],[[[123.14,-1.84],[123.14,-1.84],[123.14,-1.84],[123.14,-1.84]]],[[[123.14,-1.84],[123.14,-1.84],[123.14,-1.84],[123.14,-1.84]]],[[[123.14,-1.84],[123.14,-1.84],[123.14,-1.84],[123.14,-1.84]]],[[[123.14,-1.84],[123.14,-1.84],[123.14,-1.84],[123.14,-1.84]]],[[[123.14,-1.84],[123.14,-1.84],[123.14,-1.84],[123.14,-1.84]]],[[[123.14,-1.84],[123.14,-1.84],[123.14,-1.84],[123.14,-1.84]]],[[[123.14,-1.84],[123.14,-1.84],[123.14,-1.84],[123.14,-1.84]]],[[[123.14,-1.84],[123.14,-1.83],[123.14,-1.83],[123.14,-1.84]]],[[[123.14,-1.84],[123.14,-1.83],[123.14,-1.83],[123.14,-1.84]]],[[[123.14,-1.83],[123.14,-1.84],[123.14,-1.84],[123.14,-1.83]]],[[[123.14,-1.83],[123.14,-1.83],[123.14,-1.83],[123.14,-1.83]]],[[[123.14,-1.83],[123.14,-1.83],[123.14,-1.83],[123.14,-1.83]]],[[[123.14,-1.83],[123.14,-1.83],[123.14,-1.83],[123.14,-1.83]]],[[[123.14,-1.83],[123.14,-1.83],[123.14,-1.83],[123.14,-1.83]]],[[[123.14,-1.83],[123.14,-1.83],[123.14,-1.83],[123.14,-1.83]]],[[[123.14,-1.83],[123.14,-1.84],[123.14,-1.84],[123.14,-1.83]]],[[[123.14,-1.83],[123.14,-1.83],[123.14,-1.83],[123.14,-1.83]]],[[[123.14,-1.83],[123.14,-1.83],[123.14,-1.83],[123.14,-1.83]]],[[[123.14,-1.83],[123.14,-1.83],[123.14,-1.83],[123.14,-1.83]]],[[[123.14,-1.83],[123.14,-1.83],[123.14,-1.83],[123.14,-1.83]]],[[[123.14,-1.83],[123.14,-1.83],[123.14,-1.83],[123.14,-1.83]]],[[[123.14,-1.83],[123.14,-1.83],[123.14,-1.83],[123.14,-1.83]]],[[[123.14,-1.83],[123.14,-1.83],[123.14,-1.83],[123.14,-1.83]]],[[[123.14,-1.83],[123.14,-1.83],[123.14,-1.83],[123.14,-1.83]]],[[[123.14,-1.83],[123.14,-1.83],[123.14,-1.83],[123.14,-1.83]]],[[[123.14,-1.83],[123.14,-1.83],[123.14,-1.83],[123.14,-1.83]]],[[[123.14,-1.83],[123.14,-1.83],[123.14,-1.83],[123.14,-1.83]]],[[[123.14,-1.83],[123.14,-1.83],[123.14,-1.83],[123.14,-1.83]]],[[[123.14,-1.83],[123.14,-1.83],[123.14,-1.83],[123.14,-1.83]]],[[[123.14,-1.83],[123.14,-1.83],[123.14,-1.83],[123.14,-1.83]]],[[[123.14,-1.83],[123.14,-1.83],[123.14,-1.83],[123.14,-1.83]]],[[[123.14,-1.83],[123.14,-1.83],[123.14,-1.83],[123.14,-1.83]]],[[[123.14,-1.83],[123.14,-1.83],[123.14,-1.83],[123.14,-1.83]]],[[[123.14,-1.83],[123.14,-1.83],[123.14,-1.83],[123.14,-1.83]]],[[[123.14,-1.83],[123.14,-1.83],[123.14,-1.83],[123.14,-1.83]]],[[[123.14,-1.83],[123.14,-1.83],[123.14,-1.83],[123.14,-1.83]]],[[[123.14,-1.83],[123.14,-1.83],[123.14,-1.83],[123.14,-1.83]]],[[[123.14,-1.83],[123.14,-1.83],[123.14,-1.83],[123.14,-1.83]]],[[[123.14,-1.83],[123.14,-1.83],[123.14,-1.83],[123.14,-1.83]]],[[[123.14,-1.83],[123.14,-1.83],[123.14,-1.83],[123.14,-1.83]]],[[[123.14,-1.83],[123.14,-1.83],[123.14,-1.83],[123.14,-1.83]]],[[[123.14,-1.83],[123.14,-1.83],[123.14,-1.83],[123.14,-1.83]]],[[[123.14,-1.83],[123.14,-1.83],[123.14,-1.83],[123.14,-1.83]]],[[[123.14,-1.83],[123.14,-1.83],[123.14,-1.83],[123.14,-1.83]]],[[[123.14,-1.83],[123.14,-1.83],[123.14,-1.83],[123.14,-1.83]]],[[[123.14,-1.83],[123.14,-1.83],[123.14,-1.83],[123.14,-1.83]]],[[[123.14,-1.83],[123.14,-1.83],[123.14,-1.83],[123.14,-1.83]]],[[[123.14,-1.83],[123.14,-1.83],[123.14,-1.83],[123.14,-1.83]]],[[[123.14,-1.83],[123.14,-1.83],[123.14,-1.83],[123.14,-1.83]]],[[[123.14,-1.83],[123.14,-1.83],[123.14,-1.83],[123.14,-1.83]]],[[[123.14,-1.83],[123.14,-1.83],[123.14,-1.83],[123.14,-1.83]]],[[[123.14,-1.83],[123.14,-1.83],[123.14,-1.83],[123.14,-1.83]]],[[[123.14,-1.83],[123.14,-1.83],[123.14,-1.83],[123.14,-1.83]]],[[[123.14,-1.83],[123.14,-1.83],[123.14,-1.83],[123.14,-1.83]]],[[[123.14,-1.83],[123.14,-1.83],[123.14,-1.83],[123.14,-1.83]]],[[[123.14,-1.83],[123.14,-1.83],[123.14,-1.83],[123.14,-1.83]]],[[[123.17,-1.83],[123.17,-1.83],[123.17,-1.83],[123.17,-1.83]]],[[[123.14,-1.83],[123.14,-1.83],[123.14,-1.83],[123.14,-1.83]]],[[[123.14,-1.83],[123.14,-1.83],[123.14,-1.83],[123.14,-1.83]]],[[[123.14,-1.83],[123.14,-1.83],[123.14,-1.83],[123.14,-1.83]]],[[[123.14,-1.83],[123.14,-1.83],[123.14,-1.83],[123.14,-1.83]]],[[[123.14,-1.83],[123.14,-1.83],[123.14,-1.83],[123.14,-1.83]]],[[[123.14,-1.83],[123.14,-1.83],[123.14,-1.83],[123.14,-1.83]]],[[[123.14,-1.83],[123.14,-1.83],[123.14,-1.83],[123.14,-1.83]]],[[[123.14,-1.83],[123.14,-1.83],[123.14,-1.83],[123.14,-1.83]]],[[[123.14,-1.83],[123.14,-1.83],[123.14,-1.83],[123.14,-1.83]]],[[[123.14,-1.83],[123.14,-1.83],[123.14,-1.83],[123.14,-1.83]]],[[[123.14,-1.83],[123.14,-1.83],[123.14,-1.83],[123.14,-1.83]]],[[[124.01,-1.83],[124.01,-1.83],[124.01,-1.83],[124.01,-1.83]]],[[[123.14,-1.83],[123.14,-1.83],[123.14,-1.83],[123.14,-1.83]]],[[[124.0,-1.83],[124.0,-1.83],[124.0,-1.83],[124.0,-1.83]]],[[[124.01,-1.83],[124.01,-1.83],[124.01,-1.83],[124.01,-1.83]]],[[[124.01,-1.82],[124.01,-1.82],[124.01,-1.82],[124.01,-1.82]]],[[[124.01,-1.82],[124.01,-1.82],[124.01,-1.82],[124.01,-1.82]]],[[[123.15,-1.81],[123.15,-1.81],[123.15,-1.81],[123.15,-1.81]]],[[[123.15,-1.81],[123.15,-1.81],[123.15,-1.81],[123.15,-1.81]]],[[[123.15,-1.81],[123.15,-1.81],[123.15,-1.81],[123.15,-1.81]]],[[[123.15,-1.81],[123.15,-1.81],[123.15,-1.81],[123.15,-1.81]]],[[[123.15,-1.81],[123.15,-1.81],[123.15,-1.81],[123.15,-1.81]]],[[[123.15,-1.81],[123.15,-1.81],[123.15,-1.81],[123.15,-1.81]]],[[[124.0,-1.81],[123.99,-1.82],[124.03,-1.89],[124.0,-1.81]]],[[[124.03,-1.81],[124.02,-1.81],[124.02,-1.81],[124.03,-1.81]]],[[[123.14,-1.81],[123.14,-1.81],[123.14,-1.81],[123.14,-1.81]]],[[[123.14,-1.81],[123.14,-1.81],[123.14,-1.81],[123.14,-1.81]]],[[[123.14,-1.81],[123.14,-1.81],[123.14,-1.81],[123.14,-1.81]]],[[[123.26,-1.8],[123.25,-1.81],[123.26,-1.81],[123.26,-1.8]]],[[[123.14,-1.8],[123.14,-1.8],[123.14,-1.8],[123.14,-1.8]]],[[[123.27,-1.8],[123.27,-1.8],[123.28,-1.8],[123.27,-1.8]]],[[[123.27,-1.8],[123.27,-1.8],[123.27,-1.8],[123.27,-1.8]]],[[[123.27,-1.8],[123.27,-1.8],[123.27,-1.8],[123.27,-1.8]]],[[[123.27,-1.8],[123.27,-1.8],[123.28,-1.8],[123.27,-1.8]]],[[[123.27,-1.8],[123.27,-1.8],[123.27,-1.8],[123.27,-1.8]]],[[[123.27,-1.8],[123.27,-1.8],[123.27,-1.8],[123.27,-1.8]]],[[[123.27,-1.8],[123.28,-1.8],[123.28,-1.8],[123.27,-1.8]]],[[[123.27,-1.8],[123.27,-1.8],[123.27,-1.8],[123.27,-1.8]]],[[[123.27,-1.8],[123.27,-1.8],[123.27,-1.8],[123.27,-1.8]]],[[[123.27,-1.8],[123.27,-1.8],[123.27,-1.8],[123.27,-1.8]]],[[[123.27,-1.8],[123.27,-1.8],[123.27,-1.8],[123.27,-1.8]]],[[[123.28,-1.79],[123.28,-1.79],[123.28,-1.79],[123.28,-1.79]]],[[[123.28,-1.79],[123.28,-1.79],[123.28,-1.79],[123.28,-1.79]]],[[[123.27,-1.79],[123.27,-1.8],[123.27,-1.8],[123.27,-1.79]]],[[[123.19,-1.8],[123.19,-1.8],[123.19,-1.8],[123.19,-1.8]]],[[[123.28,-1.79],[123.28,-1.79],[123.28,-1.79],[123.28,-1.79]]],[[[123.28,-1.79],[123.28,-1.79],[123.28,-1.79],[123.28,-1.79]]],[[[123.28,-1.79],[123.28,-1.79],[123.28,-1.79],[123.28,-1.79]]],[[[124.17,-1.77],[124.17,-1.77],[124.16,-1.77],[124.17,-1.77]]],[[[124.16,-1.78],[124.15,-1.77],[124.15,-1.78],[124.16,-1.78]]],[[[124.16,-1.77],[124.16,-1.77],[124.16,-1.77],[124.16,-1.77]]],[[[123.33,-1.76],[123.33,-1.76],[123.33,-1.76],[123.33,-1.76]]],[[[124.17,-1.76],[124.17,-1.76],[124.17,-1.76],[124.17,-1.76]]],[[[123.1,-1.76],[123.1,-1.76],[123.1,-1.76],[123.1,-1.76]]],[[[124.17,-1.76],[124.16,-1.76],[124.16,-1.76],[124.17,-1.76]]],[[[123.11,-1.77],[123.06,-1.92],[123.14,-1.85],[123.11,-1.77]]],[[[123.54,-1.76],[123.53,-1.76],[123.54,-1.76],[123.54,-1.76]]],[[[123.35,-1.74],[123.35,-1.74],[123.35,-1.75],[123.35,-1.74]]],[[[123.35,-1.74],[123.35,-1.74],[123.35,-1.74],[123.35,-1.74]]],[[[123.35,-1.74],[123.35,-1.74],[123.35,-1.74],[123.35,-1.74]]],[[[123.36,-1.74],[123.36,-1.74],[123.36,-1.74],[123.36,-1.74]]],[[[123.36,-1.74],[123.36,-1.74],[123.36,-1.74],[123.36,-1.74]]],[[[124.15,-1.74],[124.16,-1.79],[124.18,-1.77],[124.15,-1.74]]],[[[123.53,-1.73],[123.53,-1.73],[123.53,-1.73],[123.53,-1.73]]],[[[123.53,-1.73],[123.53,-1.73],[123.53,-1.73],[123.53,-1.73]]],[[[123.54,-1.74],[123.52,-1.77],[123.54,-1.76],[123.54,-1.74]]],[[[123.12,-1.73],[123.12,-1.73],[123.12,-1.73],[123.12,-1.73]]],[[[123.58,-1.73],[123.58,-1.73],[123.58,-1.73],[123.58,-1.73]]],[[[123.55,-1.72],[123.55,-1.72],[123.55,-1.72],[123.55,-1.72]]],[[[123.58,-1.72],[123.58,-1.72],[123.58,-1.72],[123.58,-1.72]]],[[[123.37,-1.72],[123.37,-1.72],[123.37,-1.72],[123.37,-1.72]]],[[[123.6,-1.71],[123.6,-1.71],[123.6,-1.71],[123.6,-1.71]]],[[[123.49,-1.71],[123.49,-1.71],[123.49,-1.71],[123.49,-1.71]]],[[[123.49,-1.71],[123.49,-1.71],[123.49,-1.71],[123.49,-1.71]]],[[[123.58,-1.71],[123.58,-1.71],[123.58,-1.71],[123.58,-1.71]]],[[[123.58,-1.71],[123.58,-1.71],[123.58,-1.71],[123.58,-1.71]]],[[[123.58,-1.71],[123.58,-1.71],[123.58,-1.71],[123.58,-1.71]]],[[[123.52,-1.71],[123.52,-1.71],[123.52,-1.71],[123.52,-1.71]]],[[[123.58,-1.71],[123.58,-1.71],[123.58,-1.71],[123.58,-1.71]]],[[[123.58,-1.71],[123.58,-1.71],[123.58,-1.71],[123.58,-1.71]]],[[[123.58,-1.71],[123.58,-1.71],[123.58,-1.71],[123.58,-1.71]]],[[[123.58,-1.71],[123.58,-1.71],[123.58,-1.71],[123.58,-1.71]]],[[[123.58,-1.71],[123.58,-1.71],[123.58,-1.71],[123.58,-1.71]]],[[[123.52,-1.71],[123.52,-1.71],[123.52,-1.71],[123.52,-1.71]]],[[[123.58,-1.71],[123.58,-1.71],[123.58,-1.71],[123.58,-1.71]]],[[[123.58,-1.71],[123.58,-1.71],[123.58,-1.71],[123.58,-1.71]]],[[[123.39,-1.71],[123.39,-1.71],[123.39,-1.71],[123.39,-1.71]]],[[[123.58,-1.71],[123.58,-1.71],[123.58,-1.71],[123.58,-1.71]]],[[[123.58,-1.71],[123.58,-1.71],[123.58,-1.71],[123.58,-1.71]]],[[[123.58,-1.71],[123.58,-1.71],[123.58,-1.71],[123.58,-1.71]]],[[[123.58,-1.71],[123.58,-1.71],[123.58,-1.71],[123.58,-1.71]]],[[[123.58,-1.71],[123.58,-1.71],[123.58,-1.71],[123.58,-1.71]]],[[[123.58,-1.71],[123.58,-1.71],[123.58,-1.71],[123.58,-1.71]]],[[[123.58,-1.71],[123.58,-1.71],[123.58,-1.71],[123.58,-1.71]]],[[[123.58,-1.71],[123.58,-1.71],[123.58,-1.71],[123.58,-1.71]]],[[[123.58,-1.71],[123.58,-1.71],[123.58,-1.71],[123.58,-1.71]]],[[[123.58,-1.71],[123.58,-1.71],[123.58,-1.71],[123.58,-1.71]]],[[[123.52,-1.71],[123.52,-1.71],[123.52,-1.71],[123.52,-1.71]]],[[[123.52,-1.71],[123.52,-1.71],[123.52,-1.71],[123.52,-1.71]]],[[[123.52,-1.71],[123.52,-1.71],[123.52,-1.71],[123.52,-1.71]]],[[[123.58,-1.71],[123.58,-1.71],[123.58,-1.71],[123.58,-1.71]]],[[[123.58,-1.71],[123.58,-1.71],[123.58,-1.71],[123.58,-1.71]]],[[[123.52,-1.71],[123.52,-1.71],[123.52,-1.71],[123.52,-1.71]]],[[[123.52,-1.71],[123.52,-1.71],[123.52,-1.71],[123.52,-1.71]]],[[[123.58,-1.71],[123.58,-1.71],[123.58,-1.71],[123.58,-1.71]]],[[[123.58,-1.71],[123.58,-1.71],[123.58,-1.71],[123.58,-1.71]]],[[[123.58,-1.71],[123.58,-1.71],[123.58,-1.71],[123.58,-1.71]]],[[[123.58,-1.71],[123.58,-1.71],[123.58,-1.71],[123.58,-1.71]]],[[[123.58,-1.71],[123.58,-1.71],[123.58,-1.71],[123.58,-1.71]]],[[[123.52,-1.71],[123.52,-1.71],[123.52,-1.71],[123.52,-1.71]]],[[[123.58,-1.71],[123.58,-1.71],[123.58,-1.71],[123.58,-1.71]]],[[[123.58,-1.71],[123.58,-1.71],[123.58,-1.71],[123.58,-1.71]]],[[[123.58,-1.71],[123.58,-1.71],[123.58,-1.71],[123.58,-1.71]]],[[[123.58,-1.71],[123.58,-1.71],[123.58,-1.71],[123.58,-1.71]]],[[[123.58,-1.71],[123.58,-1.71],[123.58,-1.71],[123.58,-1.71]]],[[[123.58,-1.71],[123.58,-1.71],[123.58,-1.71],[123.58,-1.71]]],[[[123.58,-1.71],[123.58,-1.71],[123.58,-1.71],[123.58,-1.71]]],[[[123.51,-1.71],[123.51,-1.71],[123.51,-1.71],[123.51,-1.71]]],[[[123.51,-1.71],[123.51,-1.71],[123.51,-1.71],[123.51,-1.71]]],[[[123.51,-1.71],[123.51,-1.71],[123.51,-1.71],[123.51,-1.71]]],[[[123.51,-1.71],[123.51,-1.71],[123.51,-1.71],[123.51,-1.71]]],[[[123.51,-1.71],[123.51,-1.71],[123.51,-1.71],[123.51,-1.71]]],[[[123.52,-1.71],[123.51,-1.71],[123.52,-1.71],[123.52,-1.71]]],[[[123.52,-1.71],[123.52,-1.71],[123.52,-1.71],[123.52,-1.71]]],[[[123.52,-1.71],[123.52,-1.71],[123.52,-1.71],[123.52,-1.71]]],[[[123.58,-1.71],[123.58,-1.71],[123.58,-1.71],[123.58,-1.71]]],[[[123.52,-1.71],[123.52,-1.71],[123.52,-1.71],[123.52,-1.71]]],[[[123.52,-1.71],[123.52,-1.71],[123.52,-1.71],[123.52,-1.71]]],[[[123.52,-1.71],[123.52,-1.71],[123.52,-1.71],[123.52,-1.71]]],[[[123.52,-1.71],[123.52,-1.71],[123.52,-1.71],[123.52,-1.71]]],[[[123.52,-1.71],[123.52,-1.71],[123.52,-1.71],[123.52,-1.71]]],[[[123.52,-1.71],[123.52,-1.71],[123.52,-1.71],[123.52,-1.71]]],[[[123.52,-1.71],[123.52,-1.71],[123.52,-1.71],[123.52,-1.71]]],[[[123.52,-1.71],[123.52,-1.71],[123.52,-1.71],[123.52,-1.71]]],[[[123.52,-1.71],[123.52,-1.71],[123.52,-1.71],[123.52,-1.71]]],[[[123.52,-1.71],[123.52,-1.71],[123.52,-1.71],[123.52,-1.71]]],[[[123.52,-1.71],[123.52,-1.71],[123.52,-1.71],[123.52,-1.71]]],[[[123.52,-1.71],[123.52,-1.71],[123.52,-1.71],[123.52,-1.71]]],[[[123.49,-1.71],[123.49,-1.71],[123.49,-1.71],[123.49,-1.71]]],[[[123.52,-1.71],[123.52,-1.71],[123.52,-1.71],[123.52,-1.71]]],[[[123.52,-1.71],[123.52,-1.71],[123.52,-1.71],[123.52,-1.71]]],[[[123.52,-1.71],[123.52,-1.71],[123.52,-1.71],[123.52,-1.71]]],[[[123.51,-1.71],[123.51,-1.71],[123.51,-1.71],[123.51,-1.71]]],[[[123.51,-1.71],[123.51,-1.71],[123.51,-1.71],[123.51,-1.71]]],[[[123.51,-1.71],[123.51,-1.71],[123.51,-1.71],[123.51,-1.71]]],[[[123.52,-1.71],[123.52,-1.71],[123.52,-1.71],[123.52,-1.71]]],[[[123.51,-1.71],[123.51,-1.71],[123.51,-1.71],[123.51,-1.71]]],[[[123.61,-1.71],[123.61,-1.7],[123.61,-1.7],[123.61,-1.71]]],[[[123.52,-1.7],[123.52,-1.7],[123.52,-1.71],[123.52,-1.7]]],[[[123.61,-1.7],[123.61,-1.7],[123.61,-1.7],[123.61,-1.7]]],[[[123.52,-1.7],[123.52,-1.7],[123.52,-1.7],[123.52,-1.7]]],[[[123.52,-1.7],[123.52,-1.7],[123.52,-1.71],[123.52,-1.7]]],[[[123.52,-1.7],[123.52,-1.7],[123.52,-1.7],[123.52,-1.7]]],[[[123.45,-1.69],[123.45,-1.69],[123.45,-1.69],[123.45,-1.69]]],[[[123.46,-1.68],[123.45,-1.68],[123.46,-1.68],[123.46,-1.68]]],[[[123.48,-1.68],[123.48,-1.68],[123.48,-1.68],[123.48,-1.68]]],[[[123.48,-1.69],[123.47,-1.68],[123.48,-1.69],[123.48,-1.69]]],[[[123.38,-1.67],[123.28,-1.8],[123.38,-1.72],[123.38,-1.67]]],[[[123.06,-1.67],[123.07,-1.67],[123.06,-1.67],[123.06,-1.67]]],[[[123.62,-1.65],[123.62,-1.65],[123.62,-1.66],[123.62,-1.65]]],[[[123.62,-1.65],[123.62,-1.65],[123.62,-1.65],[123.62,-1.65]]],[[[123.48,-1.64],[123.48,-1.64],[123.48,-1.64],[123.48,-1.64]]],[[[123.48,-1.64],[123.48,-1.64],[123.48,-1.64],[123.48,-1.64]]],[[[123.48,-1.64],[123.48,-1.64],[123.48,-1.64],[123.48,-1.64]]],[[[123.62,-1.64],[123.62,-1.64],[123.62,-1.64],[123.62,-1.64]]],[[[123.48,-1.63],[123.48,-1.63],[123.48,-1.63],[123.48,-1.63]]],[[[123.48,-1.63],[123.48,-1.63],[123.48,-1.63],[123.48,-1.63]]],[[[123.48,-1.63],[123.48,-1.63],[123.48,-1.63],[123.48,-1.63]]],[[[123.48,-1.63],[123.48,-1.63],[123.48,-1.63],[123.48,-1.63]]],[[[123.48,-1.63],[123.48,-1.63],[123.48,-1.63],[123.48,-1.63]]],[[[123.48,-1.63],[123.48,-1.63],[123.48,-1.63],[123.48,-1.63]]],[[[123.48,-1.62],[123.48,-1.62],[123.48,-1.62],[123.48,-1.62]]],[[[123.49,-1.6],[123.49,-1.6],[123.49,-1.6],[123.49,-1.6]]],[[[123.49,-1.6],[123.49,-1.6],[123.49,-1.6],[123.49,-1.6]]],[[[123.49,-1.6],[123.49,-1.6],[123.49,-1.6],[123.49,-1.6]]],[[[123.49,-1.6],[123.49,-1.6],[123.49,-1.6],[123.49,-1.6]]],[[[123.49,-1.6],[123.49,-1.6],[123.49,-1.6],[123.49,-1.6]]],[[[123.49,-1.6],[123.49,-1.6],[123.49,-1.6],[123.49,-1.6]]],[[[123.49,-1.6],[123.49,-1.6],[123.49,-1.6],[123.49,-1.6]]],[[[123.49,-1.6],[123.49,-1.6],[123.49,-1.6],[123.49,-1.6]]],[[[123.49,-1.6],[123.49,-1.6],[123.49,-1.6],[123.49,-1.6]]],[[[123.49,-1.6],[123.49,-1.6],[123.5,-1.6],[123.49,-1.6]]],[[[123.49,-1.6],[123.5,-1.6],[123.49,-1.6],[123.49,-1.6]]],[[[123.49,-1.6],[123.49,-1.6],[123.49,-1.6],[123.49,-1.6]]],[[[123.59,-1.59],[123.59,-1.59],[123.59,-1.59],[123.59,-1.59]]],[[[123.59,-1.59],[123.59,-1.59],[123.59,-1.59],[123.59,-1.59]]],[[[123.6,-1.59],[123.6,-1.59],[123.6,-1.59],[123.6,-1.59]]],[[[123.48,-1.59],[123.48,-1.59],[123.48,-1.59],[123.48,-1.59]]],[[[123.46,-1.58],[123.46,-1.58],[123.46,-1.58],[123.46,-1.58]]],[[[123.46,-1.58],[123.46,-1.58],[123.45,-1.58],[123.46,-1.58]]],[[[123.45,-1.58],[123.45,-1.58],[123.45,-1.58],[123.45,-1.58]]],[[[123.47,-1.58],[123.47,-1.58],[123.47,-1.58],[123.47,-1.58]]],[[[123.46,-1.58],[123.46,-1.58],[123.45,-1.58],[123.46,-1.58]]],[[[123.46,-1.57],[123.46,-1.57],[123.46,-1.57],[123.46,-1.57]]],[[[123.47,-1.57],[123.47,-1.57],[123.47,-1.57],[123.47,-1.57]]],[[[123.47,-1.57],[123.47,-1.57],[123.47,-1.57],[123.47,-1.57]]],[[[123.47,-1.57],[123.47,-1.57],[123.47,-1.57],[123.47,-1.57]]],[[[123.56,-1.56],[123.56,-1.56],[123.56,-1.56],[123.56,-1.56]]],[[[123.47,-1.56],[123.47,-1.56],[123.47,-1.57],[123.47,-1.56]],[[123.56,-1.55],[123.56,-1.55],[123.56,-1.55],[123.56,-1.55]]],[[[123.56,-1.55],[123.56,-1.55],[123.56,-1.55],[123.56,-1.55]]],[[[123.56,-1.55],[123.56,-1.55],[123.56,-1.55],[123.56,-1.55]]],[[[123.56,-1.55],[123.56,-1.55],[123.56,-1.55],[123.56,-1.55]]],[[[123.56,-1.55],[123.56,-1.55],[123.56,-1.55],[123.56,-1.55]]],[[[123.56,-1.54],[123.56,-1.54],[123.56,-1.54],[123.56,-1.54]]],[[[123.56,-1.54],[123.56,-1.54],[123.56,-1.54],[123.56,-1.54]]],[[[123.49,-1.53],[123.49,-1.53],[123.49,-1.53],[123.49,-1.53]]],[[[123.48,-1.53],[123.47,-1.55],[123.48,-1.55],[123.48,-1.53]]],[[[123.53,-1.51],[123.52,-1.51],[123.53,-1.51],[123.53,-1.51]]],[[[123.52,-1.5],[123.52,-1.5],[123.52,-1.5],[123.52,-1.5]]],[[[123.52,-1.49],[123.52,-1.49],[123.53,-1.5],[123.52,-1.49]]],[[[123.53,-1.49],[123.53,-1.49],[123.53,-1.49],[123.53,-1.49]]],[[[123.51,-1.49],[123.52,-1.48],[123.51,-1.49],[123.51,-1.49]]],[[[123.52,-1.48],[123.52,-1.48],[123.52,-1.48],[123.52,-1.48]]],[[[123.53,-1.48],[123.53,-1.48],[123.53,-1.48],[123.53,-1.48]]],[[[123.53,-1.48],[123.47,-1.65],[123.57,-1.73],[123.62,-1.62],[123.53,-1.48]]],[[[123.57,-1.47],[123.55,-1.48],[123.56,-1.51],[123.57,-1.47]]],[[[123.56,-1.46],[123.56,-1.47],[123.56,-1.47],[123.56,-1.46]]],[[[123.56,-1.46],[123.56,-1.46],[123.56,-1.46],[123.56,-1.46]]],[[[123.55,-1.46],[123.55,-1.46],[123.55,-1.46],[123.55,-1.46]]],[[[123.56,-1.45],[123.56,-1.45],[123.56,-1.45],[123.56,-1.45]]]]},"properties":{"KDPPUM":"72","KDPKAB":"72.11","WADMKK":"Banggai Laut","ID_KAB":7211}},{"type":"Feature","geometry":{"type":"MultiPolygon","coordinates":[[[[121.51,-2.05],[121.51,-2.05],[121.51,-2.05],[121.51,-2.05]]],[[[121.53,-2.05],[121.53,-2.05],[121.53,-2.05],[121.53,-2.05]]],[[[121.53,-2.05],[121.53,-2.05],[121.53,-2.05],[121.53,-2.05]]],[[[121.44,-1.96],[121.43,-1.96],[121.43,-1.96],[121.44,-1.96]]],[[[121.51,-1.95],[121.51,-1.95],[121.51,-1.96],[121.51,-1.95]]],[[[121.36,-1.94],[121.36,-1.95],[121.36,-1.95],[121.36,-1.94]]],[[[121.37,-1.95],[121.37,-1.94],[121.37,-1.94],[121.37,-1.95]]],[[[121.5,-1.94],[121.49,-1.94],[121.5,-1.94],[121.5,-1.94]]],[[[121.36,-1.94],[121.36,-1.94],[121.36,-1.94],[121.36,-1.94]]],[[[121.36,-1.94],[121.36,-1.94],[121.36,-1.95],[121.36,-1.94]]],[[[121.36,-1.94],[121.36,-1.94],[121.36,-1.94],[121.36,-1.94]]],[[[121.37,-1.94],[121.37,-1.94],[121.37,-1.94],[121.37,-1.94]]],[[[121.52,-1.94],[121.51,-1.93],[121.51,-1.94],[121.52,-1.94]]],[[[121.33,-1.93],[121.33,-1.93],[121.33,-1.93],[121.33,-1.93]]],[[[121.48,-1.93],[121.48,-1.94],[121.49,-1.94],[121.48,-1.93]]],[[[121.48,-1.93],[121.48,-1.93],[121.48,-1.93],[121.48,-1.93]]],[[[121.45,-1.93],[121.45,-1.93],[121.45,-1.94],[121.45,-1.93]]],[[[121.46,-1.93],[121.46,-1.93],[121.46,-1.93],[121.46,-1.93]]],[[[121.37,-1.93],[121.36,-1.93],[121.36,-1.94],[121.37,-1.93]]],[[[121.36,-1.92],[121.36,-1.92],[121.36,-1.93],[121.36,-1.92]]],[[[121.36,-1.92],[121.36,-1.92],[121.36,-1.92],[121.36,-1.92]]],[[[121.35,-1.92],[121.35,-1.92],[121.35,-1.92],[121.35,-1.92]]],[[[121.42,-1.92],[121.41,-1.92],[121.41,-1.92],[121.42,-1.92]]],[[[121.44,-1.93],[121.44,-1.92],[121.44,-1.95],[121.44,-1.93]]],[[[121.44,-1.91],[121.44,-1.92],[121.44,-1.92],[121.44,-1.91]]],[[[121.44,-1.91],[121.44,-1.91],[121.44,-1.91],[121.44,-1.91]]],[[[121.4,-1.91],[121.4,-1.91],[121.4,-1.91],[121.4,-1.91]]],[[[121.44,-1.91],[121.44,-1.91],[121.44,-1.91],[121.44,-1.91]]],[[[121.41,-1.91],[121.41,-1.91],[121.41,-1.91],[121.41,-1.91]]],[[[121.44,-1.91],[121.45,-1.9],[121.44,-1.91],[121.44,-1.91]]],[[[121.38,-1.9],[121.36,-1.9],[121.36,-1.92],[121.38,-1.9]]],[[[121.45,-1.85],[121.44,-1.85],[121.44,-1.85],[121.45,-1.85]]],[[[121.37,-1.84],[121.37,-1.84],[121.37,-1.84],[121.37,-1.84]]],[[[121.34,-1.84],[121.34,-1.84],[121.34,-1.84],[121.34,-1.84]]],[[[121.34,-1.84],[121.34,-1.84],[121.34,-1.84],[121.34,-1.84]]],[[[121.41,-1.84],[121.41,-1.84],[121.41,-1.84],[121.41,-1.84]]],[[[121.41,-1.84],[121.37,-1.86],[121.41,-1.86],[121.41,-1.84]]],[[[121.46,-1.83],[121.46,-1.83],[121.46,-1.83],[121.46,-1.83]]],[[[121.4,-1.81],[121.4,-1.81],[121.4,-1.82],[121.4,-1.81]]],[[[121.33,-1.78],[121.33,-1.77],[121.32,-1.78],[121.33,-1.78]]],[[[121.32,-1.77],[121.32,-1.77],[121.32,-1.78],[121.32,-1.77]]],[[[121.86,-1.72],[121.86,-1.72],[121.86,-1.72],[121.86,-1.72]]],[[[121.87,-1.71],[121.87,-1.71],[121.87,-1.71],[121.87,-1.71]]],[[[121.89,-1.71],[121.89,-1.71],[121.89,-1.71],[121.89,-1.71]]],[[[122.06,-1.63],[122.06,-1.63],[122.06,-1.63],[122.06,-1.63]]],[[[122.0,-1.4],[121.87,-1.27],[121.7,-1.42],[121.49,-1.33],[121.19,-1.58],[120.88,-1.64],[120.84,-1.75],[120.93,-1.91],[120.82,-2.06],[120.84,-2.22],[121.44,-2.41],[121.53,-2.05],[121.41,-1.91],[121.34,-2.01],[121.3,-1.8],[121.46,-1.81],[121.55,-1.96],[121.68,-1.95],[121.86,-1.67],[122.06,-1.62],[122.0,-1.4]]]]},"properties":{"KDPPUM":"72","KDPKAB":"72.12","WADMKK":"Morowali Utara","ID_KAB":7212}},{"type":"Feature","geometry":{"type":"Polygon","coordinates":[[[119.91,-0.65],[119.84,-0.7],[119.87,-0.88],[119.81,-0.8],[119.76,-0.84],[119.83,-0.94],[120.04,-0.87],[120.02,-0.78],[119.87,-0.77],[119.91,-0.65]]]},"properties":{"KDPPUM":"72","KDPKAB":"72.71","WADMKK":"Kota Palu","ID_KAB":7271}}]}